"Class","duration","earliestStart","majorityEvent","eventCount","activeDimensionCount","density","normalizedDensity","maxConcurrentEventCount","maxConcurrentEventDuration","normalizedMaxConcurrentEventDuration","summedPauseTime","normalizedSummedPauseTime","atLeastOneActiveTime","normalizedAtLeastOneActiveTime","V1","V2","V3","V4","V5","V6","V7","V8","V9","V10","V11","V12","V13","V14","V15","V16","V17","V18","V19","V20","V21","V22","V23","V24","V25","V26","V27","V28","V29","V30","V31","V32","V33","V34","V35","V36","V37","V38","V39","V40","V41","V42","V43","V44","V45","V46","V47","V48","V49","V50","V51","V52","V53","V54","V55","V56","V57","V58","V59","V60","V61","V62","V63","V64","V65","V66","V67","V68","V69","V70","V71","V72","V73","V74","V75","distance_V1","distance_V2","distance_V3","distance_V4","distance_V5"
"1",237,1,51,94,45,6779,28.6033755274262,29,24,0.10126582278481,0,0,237,1,1,1,1,1,1,1,1,1,2,1,1,1,1,3,1,3,2,2,2,2,2,2,1,1,2,2,1,1,2,2,1,1,1,1,1,1,1,1,1,1,1,1,1,1,1,1,1,1,1,1,1,1,1,1,1,1,1,1,1,1,1,1,1,1,1,1,2,2,2,2,2,2,2,2,2,29.2916370317536,37.2558720203943,41.0121933088198,44.2718872423573,44.0227214061103
"3",233,1,13,122,41,6635,28.4763948497854,29,30,0.128755364806867,0,0,233,1,0,0,0,0,1,1,1,1,1,1,1,1,2,2,1,1,1,1,1,1,1,1,4,5,5,4,4,5,5,4,1,1,1,1,1,1,1,1,1,1,1,1,1,1,1,1,1,1,1,1,1,1,1,1,1,1,1,1,1,1,1,1,1,1,1,1,1,1,1,1,1,1,1,1,1,37.2692903071684,34.0734500748016,26.2488094968134,27.2213151776324,25.5929677841395
"3",226,1,13,122,43,6432,28.4601769911504,29,23,0.101769911504425,0,0,226,1,0,0,0,0,1,1,1,1,1,1,1,1,3,3,1,1,1,1,1,1,1,1,8,10,10,8,8,10,10,8,1,1,1,1,1,1,1,1,1,1,1,1,1,1,1,1,1,1,1,1,1,1,1,1,1,1,1,1,1,1,1,1,1,1,1,1,1,1,1,1,1,1,1,1,1,35.0713558335004,31.4642654451045,28.2488937836511,30.1662062579967,28.3901391331568
"3",234,1,13,95,42,6691,28.5940170940171,29,31,0.132478632478632,0,0,234,1,0,0,0,0,1,1,1,1,1,1,1,1,1,1,1,1,1,1,1,1,1,1,4,4,4,4,4,4,4,4,1,1,1,1,1,1,1,1,1,1,1,1,1,1,1,1,1,1,1,1,1,1,1,1,1,1,1,1,1,1,1,1,1,1,1,1,1,1,1,1,1,1,1,1,1,34.2344855372474,35.1283361405006,28.1780056072107,27.3861278752583,27.712812921102
"1",245,1,49,83,45,7022,28.6612244897959,29,39,0.159183673469388,0,0,245,1,1,1,1,1,1,1,1,1,1,1,1,1,1,1,1,1,1,1,1,1,1,1,1,1,1,1,1,1,1,1,1,1,1,1,1,1,1,1,1,1,1,1,1,1,1,1,1,1,1,1,1,1,1,1,1,1,1,1,1,1,1,1,1,1,1,1,1,1,1,1,1,1,1,1,1,25.2388589282479,33.9852909359329,37.4299345444258,40.1870625948202,40.4845649599943
"3",206,1,14,79,42,5895,28.6165048543689,29,31,0.150485436893204,0,0,206,1,0,0,0,0,1,1,2,1,1,1,1,2,1,1,1,1,1,1,2,1,1,2,2,2,2,2,2,2,2,2,1,1,1,1,1,1,1,1,1,1,1,1,1,1,1,1,1,1,1,1,1,1,1,1,1,1,1,1,1,1,1,1,1,1,1,1,1,1,1,1,1,1,1,1,1,36.9459064038223,31.0966236109324,25.475478405714,26.7020598456374,26.0192236625154
"2",199,1,49,76,45,5695,28.6180904522613,29,27,0.135678391959799,0,0,199,1,1,1,1,1,2,2,2,3,2,2,2,2,4,2,2,1,1,1,1,1,1,1,2,2,1,1,2,2,1,1,1,1,1,1,1,1,1,1,1,1,1,1,1,1,1,1,1,1,1,1,2,2,2,2,2,2,2,2,2,2,2,2,2,2,2,2,1,1,1,1,1,1,1,1,1,32.7719392163479,24.2074368738204,32.8024389337135,34.3802268753422,35.2703841770968
"3",197,1,13,106,43,5607,28.4619289340102,29,22,0.111675126903553,0,0,197,1,0,0,0,0,1,1,1,1,1,1,1,1,2,2,1,1,1,1,1,1,1,1,4,7,7,4,4,7,7,4,1,1,1,1,1,1,1,1,1,1,1,1,1,1,1,1,1,1,1,1,1,1,1,1,1,1,1,1,1,1,1,1,1,1,1,1,1,1,1,1,1,1,1,1,1,37.8285606387555,31.6385840391128,27.0739727413618,31.859064644148,29.2745623366089
"5",205,1,14,101,38,5844,28.5073170731707,29,31,0.151219512195122,0,0,205,1,0,0,0,0,0,0,0,0,0,0,0,0,0,0,0,0,0,0,0,0,0,0,0,0,0,0,0,0,0,0,0,0,0,0,0,0,0,0,0,0,0,0,0,0,0,0,0,0,0,0,0,0,0,0,0,0,0,0,0,0,0,0,0,0,0,0,0,0,0,0,0,0,0,0,0,38.1575680566778,34.7275107083707,25.4558441227157,26.3058928759318,22.2261107708929
"2",216,1,49,65,41,6199,28.6990740740741,29,50,0.231481481481481,0,0,216,1,1,1,1,1,1,1,1,1,1,1,1,1,2,2,1,1,1,1,1,1,1,1,1,1,1,1,1,1,1,1,1,1,1,1,1,1,1,1,1,1,1,1,1,1,1,1,1,1,1,1,1,1,1,1,1,1,1,1,1,1,1,1,1,1,1,1,1,1,1,1,1,1,1,1,1,29.5296461204668,16.5529453572468,29.9332590941915,30.9515750810843,32.7414110874898
"4",111,1,13,62,38,3157,28.4414414414414,29,22,0.198198198198198,0,0,111,1,0,0,0,0,0,0,0,0,0,0,0,0,0,0,0,0,0,0,0,0,0,0,0,0,0,0,0,0,0,0,0,0,0,0,0,0,0,0,0,0,0,0,0,0,0,0,0,0,0,0,0,0,0,0,0,0,0,0,0,0,0,0,0,0,0,0,0,0,0,0,0,0,0,0,0,39.5979797464467,34.8137903710584,29.698484809835,18.1107702762748,27.1661554144122
"5",194,1,13,109,39,5517,28.4381443298969,29,26,0.134020618556701,0,0,194,1,0,0,0,0,0,0,0,0,0,0,0,0,0,0,0,0,0,0,0,0,0,0,0,0,0,0,0,0,0,0,0,0,0,0,0,0,0,0,0,0,0,0,0,0,0,0,0,0,0,0,0,0,0,0,0,0,0,0,0,0,0,0,0,0,0,0,0,0,0,0,0,0,0,0,0,37.7094152699296,33.1360830515618,26.8328157299975,27.5680975041804,23.0651251893416
"2",207,1,51,74,42,5929,28.6425120772947,29,23,0.111111111111111,0,0,207,1,1,1,1,1,1,1,1,1,1,1,1,1,2,2,1,1,1,1,1,1,1,1,1,1,1,1,1,1,1,1,1,1,1,1,1,1,1,1,1,1,1,1,1,1,1,1,1,1,1,1,1,1,1,1,1,1,1,1,1,1,1,1,1,1,1,1,1,1,1,1,1,1,1,1,1,32.1091887160046,21.7944947177034,28.5832118559129,31.9217793990247,31.543620591175
"2",211,1,49,63,41,6056,28.7014218009479,29,67,0.317535545023697,0,0,211,1,1,1,1,1,1,1,1,1,1,1,1,1,2,2,1,1,1,1,1,1,1,1,1,1,1,1,1,1,1,1,1,1,1,1,1,1,1,1,1,1,1,1,1,1,1,1,1,1,1,1,1,1,1,1,1,1,1,1,1,1,1,1,1,1,1,1,1,1,1,1,1,1,1,1,1,30.5614135798723,21.4941852602047,31.5277655408689,32.4037034920393,34
"5",241,1,13,117,38,6872,28.5145228215768,29,31,0.128630705394191,0,0,241,1,0,0,0,0,0,0,0,0,0,0,0,0,0,0,0,0,0,0,0,0,0,0,0,0,0,0,0,0,0,0,0,0,0,0,0,0,0,0,0,0,0,0,0,0,0,0,0,0,0,0,0,0,0,0,0,0,0,0,0,0,0,0,0,0,0,0,0,0,0,0,0,0,0,0,0,38.9230009120571,34.5398320783411,27.2213151776324,23.9791576165636,24.0624188310319
"5",214,1,14,89,39,6117,28.5841121495327,29,20,0.0934579439252336,0,0,214,1,0,0,0,0,0,0,0,0,0,0,0,0,0,0,0,0,0,0,0,0,0,0,0,0,0,0,0,0,0,0,0,0,0,0,0,0,0,0,0,0,0,0,0,0,0,0,0,0,0,0,0,0,0,0,0,0,0,0,0,0,0,0,0,0,0,0,0,0,0,0,0,0,0,0,0,37.7756535350482,33.6303434416005,26.4386081328046,23.43074902772,21.6101827849743
"4",99,1,2,69,38,2802,28.3030303030303,29,18,0.181818181818182,0,0,99,1,0,0,0,0,0,0,0,0,0,0,0,0,0,0,0,0,0,0,0,0,0,0,0,0,0,0,0,0,0,0,0,0,0,0,0,0,0,0,0,0,0,0,0,0,0,0,0,0,0,0,0,0,0,0,0,0,0,0,0,0,0,0,0,0,0,0,0,0,0,0,0,0,0,0,0,43.2897216438267,37.4165738677394,33.9411254969543,28.0713376952364,33.6154726279432
"2",212,1,51,71,42,6077,28.6650943396226,29,30,0.141509433962264,0,0,212,1,1,1,1,1,1,1,1,1,1,1,1,1,2,2,1,1,1,1,1,1,1,1,1,1,1,1,1,1,1,1,1,1,1,1,1,1,1,1,1,1,1,1,1,1,1,1,1,1,1,1,1,1,1,1,1,1,1,1,1,1,1,1,1,1,1,1,1,1,1,1,1,1,1,1,1,30.4302481094059,22.0907220343745,26.9072480941474,30.8220700148449,31.4960314960472
"4",96,1,51,56,37,2728,28.4166666666667,29,22,0.229166666666667,0,0,96,1,0,0,0,0,0,0,0,0,0,0,0,0,0,0,0,0,0,0,0,0,0,0,0,0,0,0,0,0,0,0,0,0,0,0,0,0,0,0,0,0,0,0,0,0,0,0,0,0,0,0,0,0,0,0,0,0,0,0,0,0,0,0,0,0,0,0,0,0,0,0,0,0,0,0,0,37.8021163428716,31.3847096529504,25.9807621135332,22.113344387496,23.0434372436058
"4",100,1,7,55,38,2845,28.45,29,23,0.23,0,0,100,1,0,0,0,0,0,0,0,0,0,0,0,0,0,0,0,0,0,0,0,0,0,0,0,0,0,0,0,0,0,0,0,0,0,0,0,0,0,0,0,0,0,0,0,0,0,0,0,0,0,0,0,0,0,0,0,0,0,0,0,0,0,0,0,0,0,0,0,0,0,0,0,0,0,0,0,39.0128184062623,34.2928563989645,32.7414110874898,22.6715680975093,30.9838667696593
"1",227,1,51,72,45,6511,28.6828193832599,29,33,0.145374449339207,0,0,227,1,1,1,1,1,1,1,1,1,1,1,1,1,1,1,1,1,1,1,1,1,1,1,1,1,1,1,1,1,1,1,1,1,1,1,1,1,1,1,1,1,1,1,1,1,1,1,1,1,1,1,1,1,1,1,1,1,1,1,1,1,1,1,1,1,1,1,1,1,1,1,1,1,1,1,1,23.4093998214393,33.1360830515618,37.3363094051889,39.522145690739,40
"1",238,1,49,72,43,6830,28.6974789915966,29,43,0.180672268907563,0,0,238,1,1,1,1,1,1,1,1,1,1,1,1,1,2,2,1,1,1,1,1,1,1,1,1,1,1,1,1,1,1,1,1,1,1,1,1,1,1,1,1,1,1,1,1,1,1,1,1,1,1,1,1,1,1,1,1,1,1,1,1,1,1,1,1,1,1,1,1,1,1,1,1,1,1,1,1,19.5703857907809,30.2820078594534,34.9141805001922,38.405728739343,38.2491829978106
"3",194,1,14,89,43,5537,28.5412371134021,29,30,0.154639175257732,0,0,194,1,0,0,0,0,1,1,1,1,1,1,1,1,1,1,1,1,1,1,1,1,1,1,3,3,3,3,3,3,3,3,1,1,1,1,1,1,1,1,1,1,1,1,1,1,1,1,1,1,1,1,1,1,1,1,1,1,1,1,1,1,1,1,1,1,1,1,1,1,1,1,1,1,1,1,1,36.6742416417845,31.224989991992,27.1845544381364,26.0192236625154,25.8263431402899
"2",202,1,49,69,41,5789,28.6584158415842,29,23,0.113861386138614,0,0,202,1,1,1,1,1,1,1,1,1,1,1,1,1,2,2,1,1,1,1,1,1,1,1,1,1,1,1,1,1,1,1,1,1,1,1,1,1,1,1,1,1,1,1,1,1,1,1,1,1,1,1,1,1,1,1,1,1,1,1,1,1,1,1,1,1,1,1,1,1,1,1,1,1,1,1,1,32.2645316098034,20.952326839757,28.0178514522438,28.1957443597434,29.7825452236709
"2",203,1,51,70,41,5817,28.6551724137931,29,34,0.167487684729064,0,0,203,1,1,1,1,1,1,1,1,1,1,1,1,1,2,2,1,1,1,1,1,1,1,1,1,1,1,1,1,1,1,1,1,1,1,1,1,1,1,1,1,1,1,1,1,1,1,1,1,1,1,1,1,1,1,1,1,1,1,1,1,1,1,1,1,1,1,1,1,1,1,1,1,1,1,1,1,29.0516780926679,23.4520787991171,25.3377189186399,33.0151480384384,30.854497241083
"5",196,1,14,87,38,5597,28.5561224489796,29,20,0.102040816326531,0,0,196,1,0,0,0,0,0,0,0,0,0,0,0,0,0,0,0,0,0,0,0,0,0,0,0,0,0,0,0,0,0,0,0,0,0,0,0,0,0,0,0,0,0,0,0,0,0,0,0,0,0,0,0,0,0,0,0,0,0,0,0,0,0,0,0,0,0,0,0,0,0,0,0,0,0,0,0,38.9486841883009,34.423828956117,29.6816441593117,25.0798724079689,23.5159520326097
"2",203,1,49,77,44,5810,28.6206896551724,29,26,0.12807881773399,0,0,203,1,1,1,1,1,1,1,2,1,1,1,1,2,2,2,1,1,1,1,2,1,1,2,1,1,1,1,1,1,1,1,1,1,1,1,1,1,1,1,1,1,1,1,1,1,1,1,1,1,1,1,1,1,1,1,1,1,1,1,1,1,1,1,1,1,1,1,1,1,1,1,1,1,1,1,1,31.7175030543074,22.9782505861521,32.4961536185438,34.4963766213207,34.2928563989645
"4",104,1,49,58,38,2958,28.4423076923077,29,23,0.221153846153846,0,0,104,1,0,0,0,0,0,0,0,0,0,0,0,0,0,0,0,0,0,0,0,0,0,0,0,0,0,0,0,0,0,0,0,0,0,0,0,0,0,0,0,0,0,0,0,0,0,0,0,0,0,0,0,0,0,0,0,0,0,0,0,0,0,0,0,0,0,0,0,0,0,0,0,0,0,0,0,38.1444622455213,32.2645316098034,27.5136329843952,18.0831413200251,26.134268690744
"4",97,1,2,53,37,2760,28.4536082474227,29,28,0.288659793814433,0,0,97,1,0,0,0,0,0,0,0,0,0,0,0,0,0,0,0,0,0,0,0,0,0,0,0,0,0,0,0,0,0,0,0,0,0,0,0,0,0,0,0,0,0,0,0,0,0,0,0,0,0,0,0,0,0,0,0,0,0,0,0,0,0,0,0,0,0,0,0,0,0,0,0,0,0,0,0,38.5097390279394,32.1403173599764,31.5753068076939,22.248595461287,31.6701752442262
"2",204,1,49,71,43,5845,28.6519607843137,29,43,0.21078431372549,0,0,204,1,1,1,1,1,1,1,1,1,1,1,1,1,1,1,1,1,1,1,1,1,1,1,1,1,1,1,1,1,1,1,1,1,1,1,1,1,1,1,1,1,1,1,1,1,1,1,1,1,1,1,1,1,1,1,1,1,1,1,1,1,1,1,1,1,1,1,1,1,1,1,1,1,1,1,1,31.3049516849971,21.8632111090754,29.9332590941915,31.4960314960472,32.3419232575925
"5",198,1,13,88,39,5654,28.5555555555556,29,26,0.131313131313131,0,0,198,1,0,0,0,0,0,0,0,0,0,0,0,0,0,0,0,0,0,0,0,0,0,0,0,0,0,0,0,0,0,0,0,0,0,0,0,0,0,0,0,0,0,0,0,0,0,0,0,0,0,0,0,0,0,0,0,0,0,0,0,0,0,0,0,0,0,0,0,0,0,0,0,0,0,0,0,38.4317577011513,36.8374809127877,27.7668867538296,27.2946881279124,26.2868788561898
"1",235,1,51,72,42,6743,28.6936170212766,29,33,0.140425531914894,0,0,235,1,1,1,1,1,2,2,2,3,2,2,2,2,4,2,2,1,1,1,1,1,1,1,2,2,1,1,2,2,1,1,1,1,1,1,1,1,1,1,1,1,1,1,1,1,1,1,1,1,1,1,2,2,2,2,2,2,2,2,2,2,2,2,2,2,2,2,1,1,1,1,1,1,1,1,1,18.8148877222268,29.9332590941915,33.6452076825214,37.1752605908822,36.2767142944341
"1",256,1,49,82,45,7342,28.6796875,29,43,0.16796875,0,0,256,1,1,1,1,1,1,1,1,1,1,1,1,1,2,2,1,1,1,1,1,1,1,1,1,1,1,1,1,1,1,1,1,1,1,1,1,1,1,1,1,1,1,1,1,1,1,1,1,1,1,1,1,1,1,1,1,1,1,1,1,1,1,1,1,1,1,1,1,1,1,1,1,1,1,1,1,27.5499546279118,34.7994252826106,40.4103947023535,41.5331193145904,43.1161222746202
"2",211,1,49,76,41,6043,28.6398104265403,29,25,0.118483412322275,0,0,211,1,1,1,1,1,1,1,1,1,1,1,1,1,2,2,1,1,1,1,1,1,1,1,1,1,1,1,1,1,1,1,1,1,1,1,1,1,1,1,1,1,1,1,1,1,1,1,1,1,1,1,1,1,1,1,1,1,1,1,1,1,1,1,1,1,1,1,1,1,1,1,1,1,1,1,1,29.9833287011299,21.7944947177034,28.1247222208505,32.9393381840012,29.9499582637439
"4",96,1,49,56,38,2728,28.4166666666667,29,11,0.114583333333333,0,0,96,1,0,0,0,0,0,0,0,0,0,0,0,0,0,0,0,0,0,0,0,0,0,0,0,0,0,0,0,0,0,0,0,0,0,0,0,0,0,0,0,0,0,0,0,0,0,0,0,0,0,0,0,0,0,0,0,0,0,0,0,0,0,0,0,0,0,0,0,0,0,0,0,0,0,0,0,38.2491829978106,33.3616546352246,28.4780617317963,15,25.1594912508182
"2",204,1,49,76,44,5840,28.6274509803922,29,59,0.28921568627451,0,0,204,1,1,1,1,1,1,1,1,1,1,1,1,1,1,1,1,1,1,1,1,1,1,1,1,1,1,1,1,1,1,1,1,1,1,1,1,1,1,1,1,1,1,1,1,1,1,1,1,1,1,1,1,1,1,1,1,1,1,1,1,1,1,1,1,1,1,1,1,1,1,1,1,1,1,1,1,30.0166620396073,21.8860686282393,27.5136329843952,31.0966236109324,32.9089653438087
"3",193,1,13,76,41,5521,28.6062176165803,29,32,0.16580310880829,0,0,193,1,0,0,0,0,1,1,1,1,1,1,1,1,2,2,1,1,1,1,1,1,1,1,2,3,3,2,2,3,3,2,1,1,1,1,1,1,1,1,1,1,1,1,1,1,1,1,1,1,1,1,1,1,1,1,1,1,1,1,1,1,1,1,1,1,1,1,1,1,1,1,1,1,1,1,1,35.1567916624939,28.1780056072107,20.0499376557634,27.1293199325011,23.7486841740758
"2",201,1,51,62,43,5767,28.6915422885572,29,77,0.383084577114428,0,0,201,1,1,1,1,1,1,1,1,1,1,1,1,1,1,1,1,1,1,1,1,1,1,1,1,1,1,1,1,1,1,1,1,1,1,1,1,1,1,1,1,1,1,1,1,1,1,1,1,1,1,1,1,1,1,1,1,1,1,1,1,1,1,1,1,1,1,1,1,1,1,1,1,1,1,1,1,26.8514431641951,17.058722109232,29.6816441593117,32.4807635378234,34.0734500748016
"2",213,1,49,80,44,6097,28.6244131455399,29,34,0.15962441314554,0,0,213,1,1,1,1,1,2,2,2,3,2,2,2,2,4,2,2,1,1,1,1,1,1,1,2,2,1,1,2,2,1,1,1,1,1,1,1,1,1,1,1,1,1,1,1,1,1,1,1,1,1,1,2,2,2,2,2,2,2,2,2,2,2,2,2,2,2,2,1,1,1,1,1,1,1,1,1,29.9332590941915,22.7596133534821,32.3728281124773,33.7638860322683,35.2420203734122
"5",173,1,25,72,38,4945,28.5838150289017,29,31,0.179190751445087,0,0,173,1,0,0,0,0,0,0,0,0,0,0,0,0,0,0,0,0,0,0,0,0,0,0,0,0,0,0,0,0,0,0,0,0,0,0,0,0,0,0,0,0,0,0,0,0,0,0,0,0,0,0,0,0,0,0,0,0,0,0,0,0,0,0,0,0,0,0,0,0,0,0,0,0,0,0,0,37.9605057922046,31.8904374382039,26.4386081328046,26.6645832519468,20.2237484161567
"1",238,1,45,85,46,6817,28.6428571428571,29,42,0.176470588235294,0,0,238,1,1,1,1,1,1,1,1,1,1,1,1,1,1,1,1,1,1,1,1,1,1,1,1,1,1,1,1,1,1,1,1,1,1,1,1,1,1,1,1,1,1,1,1,1,1,1,1,1,1,1,1,1,1,1,1,1,1,1,1,1,1,1,1,1,1,1,1,1,1,1,1,1,1,1,1,27.3313007374329,35.5105618091294,38.7685439499603,42.154477816716,41.3884041731498
"4",91,1,2,52,38,2587,28.4285714285714,29,26,0.285714285714286,0,0,91,1,0,0,0,0,0,0,0,0,0,0,0,0,0,0,0,0,0,0,0,0,0,0,0,0,0,0,0,0,0,0,0,0,0,0,0,0,0,0,0,0,0,0,0,0,0,0,0,0,0,0,0,0,0,0,0,0,0,0,0,0,0,0,0,0,0,0,0,0,0,0,0,0,0,0,0,42.2492603485552,37.3764631820615,31.0644491340181,22.3383079036887,30.2158898594763
"4",92,1,2,54,37,2614,28.4130434782609,29,15,0.16304347826087,0,0,92,1,0,0,0,0,0,0,0,0,0,0,0,0,0,0,0,0,0,0,0,0,0,0,0,0,0,0,0,0,0,0,0,0,0,0,0,0,0,0,0,0,0,0,0,0,0,0,0,0,0,0,0,0,0,0,0,0,0,0,0,0,0,0,0,0,0,0,0,0,0,0,0,0,0,0,0,38.0657326213486,32.4191301548947,28.1957443597434,22.9128784747792,24.4335834457412
"1",249,1,49,76,42,7145,28.6947791164659,29,32,0.1285140562249,0,0,249,1,1,1,1,1,1,1,1,1,1,1,1,1,1,1,1,1,1,1,1,1,1,1,1,1,1,1,1,1,1,1,1,1,1,1,1,1,1,1,1,1,1,1,1,1,1,1,1,1,1,1,1,1,1,1,1,1,1,1,1,1,1,1,1,1,1,1,1,1,1,1,1,1,1,1,1,21.2367605815953,32.6036807738022,37.2692903071684,39.9874980462644,40.3856410126173
"3",231,1,13,108,42,6591,28.5324675324675,29,30,0.12987012987013,0,0,231,1,0,0,0,0,1,1,1,1,1,1,1,1,3,3,1,1,1,1,1,1,1,1,6,6,6,6,6,6,6,6,1,1,1,1,1,1,1,1,1,1,1,1,1,1,1,1,1,1,1,1,1,1,1,1,1,1,1,1,1,1,1,1,1,1,1,1,1,1,1,1,1,1,1,1,1,36.7423461417477,32.310988842807,25.2586618806302,30.1662062579967,27.5317997958724
"3",220,1,14,90,40,6290,28.5909090909091,29,24,0.109090909090909,0,0,220,1,0,0,0,0,0,0,0,0,0,0,0,0,0,0,0,0,0,0,0,0,0,0,0,0,0,0,0,0,0,0,0,0,0,0,0,0,0,0,0,0,0,0,0,0,0,0,0,0,0,0,0,0,0,0,0,0,0,0,0,0,0,0,0,0,0,0,0,0,0,0,0,0,0,0,0,37.8813938497516,31.0966236109324,26.5894716006167,26.7020598456374,28.1957443597434
"3",247,1,14,113,43,7050,28.5425101214575,29,28,0.11336032388664,0,0,247,1,0,0,0,0,1,1,1,1,1,1,1,1,2,2,1,1,1,1,1,1,1,1,7,7,7,7,7,7,7,7,1,1,1,1,1,1,1,1,1,1,1,1,1,1,1,1,1,1,1,1,1,1,1,1,1,1,1,1,1,1,1,1,1,1,1,1,1,1,1,1,1,1,1,1,1,35.2420203734122,30.3973683071413,24.6576560118759,30.7571129984594,29.8663690461362
"3",217,1,13,87,41,6206,28.5990783410138,29,28,0.129032258064516,0,0,217,1,0,0,0,0,1,1,1,1,1,1,1,1,2,2,1,1,1,1,1,1,1,1,3,6,6,3,3,6,6,3,1,1,1,1,1,1,1,1,1,1,1,1,1,1,1,1,1,1,1,1,1,1,1,1,1,1,1,1,1,1,1,1,1,1,1,1,1,1,1,1,1,1,1,1,1,33.0454232837166,27.6767050061961,22.9782505861521,30.5941170815567,28.9827534923789
"4",110,1,49,50,39,3140,28.5454545454545,29,39,0.354545454545455,0,0,110,1,0,0,0,0,0,0,0,0,0,0,0,0,0,0,0,0,0,0,0,0,0,0,0,0,0,0,0,0,0,0,0,0,0,0,0,0,0,0,0,0,0,0,0,0,0,0,0,0,0,0,0,0,0,0,0,0,0,0,0,0,0,0,0,0,0,0,0,0,0,0,0,0,0,0,0,35.7631094844953,33.3616546352246,31.4483703870328,19.3649167310371,30.9030742807249
"3",190,1,13,80,45,5430,28.5789473684211,29,30,0.157894736842105,0,0,190,1,0,0,0,0,1,1,1,1,1,1,1,1,1,1,1,1,1,1,1,1,1,1,3,3,3,3,3,3,3,3,1,1,1,1,1,1,1,1,1,1,1,1,1,1,1,1,1,1,1,1,1,1,1,1,1,1,1,1,1,1,1,1,1,1,1,1,1,1,1,1,1,1,1,1,1,34.5108678534748,28.5832118559129,21.4709105535839,24.9198715887542,23.6008474424119
"5",247,1,14,121,41,7042,28.5101214574899,29,31,0.125506072874494,0,0,247,1,0,0,0,0,0,0,0,0,0,0,0,0,0,0,0,0,0,0,0,0,0,0,0,0,0,0,0,0,0,0,0,0,0,0,0,0,0,0,0,0,0,0,0,0,0,0,0,0,0,0,0,0,0,0,0,0,0,0,0,0,0,0,0,0,0,0,0,0,0,0,0,0,0,0,0,40.6693988153255,37.6563407675255,30.4959013639538,30.1662062579967,28.3901391331568
"1",232,1,49,72,44,6656,28.6896551724138,29,51,0.219827586206897,0,0,232,1,1,1,1,1,2,2,2,3,2,2,2,2,2,1,2,1,1,1,1,1,1,1,2,2,1,1,2,2,1,1,1,1,1,1,1,1,1,1,1,1,1,1,1,1,1,1,1,1,1,1,2,2,2,2,2,2,2,2,2,2,2,2,2,2,2,2,1,1,1,1,1,1,1,1,1,22.5388553391693,34.4383507154451,36.2491379207837,40.3732584763727,40.4722126896961
"2",198,1,51,81,45,5661,28.5909090909091,29,19,0.095959595959596,0,0,198,1,1,1,1,1,1,1,1,1,1,1,1,1,2,2,1,1,1,1,1,1,1,1,1,1,1,1,1,1,1,1,1,1,1,1,1,1,1,1,1,1,1,1,1,1,1,1,1,1,1,1,1,1,1,1,1,1,1,1,1,1,1,1,1,1,1,1,1,1,1,1,1,1,1,1,1,31.1126983722081,26.6458251889485,27.0924343682881,33.166247903554,32
"1",241,1,49,96,46,6893,28.6016597510373,29,19,0.0788381742738589,0,0,241,1,1,1,1,1,1,1,1,1,1,1,1,1,2,2,1,1,1,1,1,1,1,1,1,1,1,1,1,1,1,1,1,1,1,1,1,1,1,1,1,1,1,1,1,1,1,1,1,1,1,1,1,1,1,1,1,1,1,1,1,1,1,1,1,1,1,1,1,1,1,1,1,1,1,1,1,29.1547594742265,36.1386219991853,38.9871773792359,41.6173040933696,41.4728827066554
"2",195,1,49,72,42,5583,28.6307692307692,29,25,0.128205128205128,0,0,195,1,1,1,1,1,1,1,1,1,1,1,1,1,2,2,1,1,1,1,1,1,1,1,1,1,1,1,1,1,1,1,1,1,1,1,1,1,1,1,1,1,1,1,1,1,1,1,1,1,1,1,1,1,1,1,1,1,1,1,1,1,1,1,1,1,1,1,1,1,1,1,1,1,1,1,1,31.3209195267317,19.5192212959431,31.3209195267317,33.0605505096331,32.8176781628439
"1",237,1,49,68,42,6805,28.7130801687764,29,44,0.185654008438819,0,0,237,1,1,1,1,1,1,1,1,1,1,1,1,1,1,1,1,1,1,1,1,1,1,1,1,1,1,1,1,1,1,1,1,1,1,1,1,1,1,1,1,1,1,1,1,1,1,1,1,1,1,1,1,1,1,1,1,1,1,1,1,1,1,1,1,1,1,1,1,1,1,1,1,1,1,1,1,22.6053091109146,34.2490875790874,38.5097390279394,39.6610640301039,40.9267638593622
"1",236,1,49,72,45,6772,28.6949152542373,29,33,0.139830508474576,0,0,236,1,1,1,1,1,1,1,1,1,1,1,1,1,1,1,1,1,1,1,1,1,1,1,1,1,1,1,1,1,1,1,1,1,1,1,1,1,1,1,1,1,1,1,1,1,1,1,1,1,1,1,1,1,1,1,1,1,1,1,1,1,1,1,1,1,1,1,1,1,1,1,1,1,1,1,1,20.3960780543711,31.5277655408689,35.6370593624109,35.8887168898527,38.6264158316559
"4",99,1,2,53,39,2818,28.4646464646465,29,34,0.343434343434343,0,0,99,1,0,0,0,0,0,0,0,0,0,0,0,0,0,0,0,0,0,0,0,0,0,0,0,0,0,0,0,0,0,0,0,0,0,0,0,0,0,0,0,0,0,0,0,0,0,0,0,0,0,0,0,0,0,0,0,0,0,0,0,0,0,0,0,0,0,0,0,0,0,0,0,0,0,0,0,40.1497197997695,34.4383507154451,30.2324329156619,19.6977156035922,29.7657521322744
"5",196,1,13,98,39,5586,28.5,29,29,0.147959183673469,0,0,196,1,0,0,0,0,0,0,0,0,0,0,0,0,0,0,0,0,0,0,0,0,0,0,0,0,0,0,0,0,0,0,0,0,0,0,0,0,0,0,0,0,0,0,0,0,0,0,0,0,0,0,0,0,0,0,0,0,0,0,0,0,0,0,0,0,0,0,0,0,0,0,0,0,0,0,0,38.5746030439718,34.8711915483254,27.2763633939717,27.6043474836845,21.1660104885167
"4",94,1,49,60,41,2666,28.3617021276596,29,20,0.212765957446809,0,0,94,1,0,0,0,0,0,0,0,0,0,0,0,0,0,0,0,0,0,0,0,0,0,0,0,0,0,0,0,0,0,0,0,0,0,0,0,0,0,0,0,0,0,0,0,0,0,0,0,0,0,0,0,0,0,0,0,0,0,0,0,0,0,0,0,0,0,0,0,0,0,0,0,0,0,0,0,42.8135492572153,37.8285606387555,35.9026461420325,28.4780617317963,34.6842903920492
"3",208,1,13,94,39,5938,28.5480769230769,29,30,0.144230769230769,0,0,208,1,0,0,0,0,1,1,1,1,1,1,1,1,1,1,1,1,1,1,1,1,1,1,7,7,7,7,7,7,7,7,1,1,1,1,1,1,1,1,1,1,1,1,1,1,1,1,1,1,1,1,1,1,1,1,1,1,1,1,1,1,1,1,1,1,1,1,1,1,1,1,1,1,1,1,1,34.2052627529741,29.3598365118064,25.0998007960223,25.7293606605372,24.6981780704569
"2",214,1,50,82,45,6124,28.6168224299065,29,34,0.158878504672897,0,0,214,1,1,1,1,1,1,1,1,1,1,1,1,1,2,2,1,1,1,1,1,1,1,1,1,1,1,1,1,1,1,1,1,1,1,1,1,1,1,1,1,1,1,1,1,1,1,1,1,1,1,1,1,1,1,1,1,1,1,1,1,1,1,1,1,1,1,1,1,1,1,1,1,1,1,1,1,28.6879765755621,21,31.1287648325468,33.3316666249979,33.5111921602321
"3",208,1,13,84,41,5948,28.5961538461538,29,31,0.149038461538462,0,0,208,1,0,0,0,0,1,1,1,1,1,1,1,1,2,2,1,1,1,1,1,1,1,1,4,4,4,4,4,4,4,4,1,1,1,1,1,1,1,1,1,1,1,1,1,1,1,1,1,1,1,1,1,1,1,1,1,1,1,1,1,1,1,1,1,1,1,1,1,1,1,1,1,1,1,1,1,34.117444218464,28.49561369755,0,26.4952825989835,24.8596057893121
"4",98,1,2,57,38,2785,28.4183673469388,29,33,0.336734693877551,0,0,98,1,0,0,0,0,0,0,0,0,0,0,0,0,0,0,0,0,0,0,0,0,0,0,0,0,0,0,0,0,0,0,0,0,0,0,0,0,0,0,0,0,0,0,0,0,0,0,0,0,0,0,0,0,0,0,0,0,0,0,0,0,0,0,0,0,0,0,0,0,0,0,0,0,0,0,0,41.4125584816973,37.3496987939662,30.7408522978788,19.672315572906,29.3428015022424
"3",192,1,13,82,42,5486,28.5729166666667,29,32,0.166666666666667,0,0,192,1,0,0,0,0,1,1,1,1,1,1,1,1,2,2,1,1,1,1,1,1,1,1,2,2,2,2,2,2,2,2,1,1,1,1,1,1,1,1,1,1,1,1,1,1,1,1,1,1,1,1,1,1,1,1,1,1,1,1,1,1,1,1,1,1,1,1,1,1,1,1,1,1,1,1,1,36.9052841744919,30.4630924234556,23.832750575626,25.9615099714943,25.0199920063936
"1",241,1,51,71,43,6918,28.7053941908714,29,59,0.244813278008299,0,0,241,1,1,1,1,1,1,1,1,1,1,1,1,1,2,2,1,1,1,1,1,1,1,1,1,1,1,1,1,1,1,1,1,1,1,1,1,1,1,1,1,1,1,1,1,1,1,1,1,1,1,1,1,1,1,1,1,1,1,1,1,1,1,1,1,1,1,1,1,1,1,1,1,1,1,1,1,18.8679622641132,29.2916370317536,34.928498393146,37.973675092095,38.6522961801754
"4",101,1,2,55,38,2874,28.4554455445545,29,17,0.168316831683168,0,0,101,1,0,0,0,0,0,0,0,0,0,0,0,0,0,0,0,0,0,0,0,0,0,0,0,0,0,0,0,0,0,0,0,0,0,0,0,0,0,0,0,0,0,0,0,0,0,0,0,0,0,0,0,0,0,0,0,0,0,0,0,0,0,0,0,0,0,0,0,0,0,0,0,0,0,0,0,43,38.379682124791,35.7631094844953,27.3313007374329,33.0302891298275
"3",210,1,14,95,42,5995,28.547619047619,29,19,0.0904761904761905,0,0,210,1,0,0,0,0,1,1,1,1,1,1,1,1,2,2,1,1,1,1,1,1,1,1,3,3,3,3,3,3,3,3,1,1,1,1,1,1,1,1,1,1,1,1,1,1,1,1,1,1,1,1,1,1,1,1,1,1,1,1,1,1,1,1,1,1,1,1,1,1,1,1,1,1,1,1,1,34.5976877840124,30.3150127824482,18.8414436814168,27,25.1992063367083
"2",200,1,49,62,41,5738,28.69,29,64,0.32,0,0,200,1,1,1,1,1,1,1,1,1,1,1,1,1,1,1,1,1,1,1,1,1,1,1,1,1,1,1,1,1,1,1,1,1,1,1,1,1,1,1,1,1,1,1,1,1,1,1,1,1,1,1,1,1,1,1,1,1,1,1,1,1,1,1,1,1,1,1,1,1,1,1,1,1,1,1,1,30.7733651068582,23.3452350598575,30.935416596516,30.0499584026334,32.2024843762092
"3",189,1,14,79,41,5402,28.5820105820106,29,25,0.132275132275132,0,0,189,1,0,0,0,0,1,1,1,1,1,1,1,1,2,2,1,1,1,1,1,1,1,1,3,3,4,3,3,3,4,3,1,1,1,1,1,1,1,1,1,1,1,1,1,1,1,1,1,1,1,1,1,1,1,1,1,1,1,1,1,1,1,1,1,1,1,1,1,1,1,1,1,1,1,1,1,34.3947670438397,28.4077454226836,21.7944947177034,24.2280828791714,22.2036033111745
"4",100,1,49,58,39,2842,28.42,29,9,0.09,0,0,100,1,0,0,0,0,0,0,0,0,0,0,0,0,0,0,0,0,0,0,0,0,0,0,0,0,0,0,0,0,0,0,0,0,0,0,0,0,0,0,0,0,0,0,0,0,0,0,0,0,0,0,0,0,0,0,0,0,0,0,0,0,0,0,0,0,0,0,0,0,0,0,0,0,0,0,0,38.7556447501522,33.8526217596215,29.6647939483827,20.8806130178211,26.9072480941474
"5",192,1,13,81,38,5487,28.578125,29,31,0.161458333333333,0,0,192,1,0,0,0,0,0,0,0,0,0,0,0,0,0,0,0,0,0,0,0,0,0,0,0,0,0,0,0,0,0,0,0,0,0,0,0,0,0,0,0,0,0,0,0,0,0,0,0,0,0,0,0,0,0,0,0,0,0,0,0,0,0,0,0,0,0,0,0,0,0,0,0,0,0,0,0,37.4833296279826,34.0734500748016,26.2488094968134,25.7875939164553,21.0475651798492
"1",228,1,51,74,43,6538,28.6754385964912,29,38,0.166666666666667,0,0,228,1,1,1,1,1,2,2,2,3,2,2,2,2,4,2,2,1,1,1,1,1,1,1,2,2,1,1,2,2,1,1,1,1,1,1,1,1,1,1,1,1,1,1,1,1,1,1,1,1,1,1,2,2,2,2,2,2,2,2,2,2,2,2,2,2,2,2,1,1,1,1,1,1,1,1,1,21.7715410570772,32.3728281124773,34.2052627529741,38.1051177665153,36.8510515453766
"3",206,1,13,98,41,5876,28.5242718446602,29,30,0.145631067961165,0,0,206,1,0,0,0,0,1,1,1,1,1,1,1,1,2,2,1,1,1,1,1,1,1,1,3,3,4,3,3,3,4,3,1,1,1,1,1,1,1,1,1,1,1,1,1,1,1,1,1,1,1,1,1,1,1,1,1,1,1,1,1,1,1,1,1,1,1,1,1,1,1,1,1,1,1,1,1,36.3868107973205,31.6227766016838,26.0768096208106,28.4604989415154,29.732137494637
"5",182,1,14,73,38,5205,28.5989010989011,29,34,0.186813186813187,0,0,182,1,0,0,0,0,0,0,0,0,0,0,0,0,0,0,0,0,0,0,0,0,0,0,0,0,0,0,0,0,0,0,0,0,0,0,0,0,0,0,0,0,0,0,0,0,0,0,0,0,0,0,0,0,0,0,0,0,0,0,0,0,0,0,0,0,0,0,0,0,0,0,0,0,0,0,0,36.5376518128902,30.3150127824482,23.3452350598575,20.4694894904587,20.2237484161567
"1",248,1,49,93,46,7099,28.625,29,22,0.0887096774193548,0,0,248,1,1,1,1,1,2,2,2,3,3,2,2,2,5,5,3,3,2,2,2,2,2,2,2,2,2,2,2,2,2,2,1,1,1,1,1,1,1,1,1,1,1,1,1,1,1,1,1,1,1,1,2,2,2,2,2,2,2,2,2,2,2,2,2,2,2,2,2,2,2,2,2,2,2,2,2,28.8444102037119,37.1752605908822,40.3732584763727,42.2847490237319,43.1508980207828
"1",236,1,51,60,40,6784,28.7457627118644,29,62,0.26271186440678,0,0,236,1,1,1,1,1,1,1,1,1,1,1,1,1,1,1,1,1,1,1,1,1,1,1,1,1,1,1,1,1,1,1,1,1,1,1,1,1,1,1,1,1,1,1,1,1,1,1,1,1,1,1,1,1,1,1,1,1,1,1,1,1,1,1,1,1,1,1,1,1,1,1,1,1,1,1,1,0,28.3548937575157,34.117444218464,36.9323706252388,38.2361085886103
"4",110,1,13,52,36,3138,28.5272727272727,29,32,0.290909090909091,0,0,110,1,0,0,0,0,0,0,0,0,0,0,0,0,0,0,0,0,0,0,0,0,0,0,0,0,0,0,0,0,0,0,0,0,0,0,0,0,0,0,0,0,0,0,0,0,0,0,0,0,0,0,0,0,0,0,0,0,0,0,0,0,0,0,0,0,0,0,0,0,0,0,0,0,0,0,0,36.9323706252388,32.4345494804537,26.4952825989835,0,25.0998007960223
"1",237,1,49,72,42,6801,28.6962025316456,29,32,0.135021097046413,0,0,237,1,1,1,1,1,1,1,1,1,1,1,1,1,1,1,1,1,1,1,1,1,1,1,1,1,1,1,1,1,1,1,1,1,1,1,1,1,1,1,1,1,1,1,1,1,1,1,1,1,1,1,1,1,1,1,1,1,1,1,1,1,1,1,1,1,1,1,1,1,1,1,1,1,1,1,1,23.832750575626,30.3973683071413,34.9571165858971,36.6060104354463,39.293765408777
"1",267,1,49,83,43,7660,28.689138576779,29,31,0.116104868913858,0,0,267,1,1,1,1,1,3,3,3,6,3,3,3,3,3,1,3,1,1,1,1,1,1,1,3,3,1,1,3,3,1,1,1,1,1,1,1,1,1,1,1,1,1,1,1,1,1,1,1,1,1,1,3,3,3,3,3,3,3,3,3,3,3,3,3,3,3,3,1,1,1,1,1,1,1,1,1,29.1032644217105,31.41655614481,34.2490875790874,35.3977400408557,39
"4",103,1,2,57,38,2930,28.4466019417476,29,21,0.203883495145631,0,0,103,1,0,0,0,0,0,0,0,0,0,0,0,0,0,0,0,0,0,0,0,0,0,0,0,0,0,0,0,0,0,0,0,0,0,0,0,0,0,0,0,0,0,0,0,0,0,0,0,0,0,0,0,0,0,0,0,0,0,0,0,0,0,0,0,0,0,0,0,0,0,0,0,0,0,0,0,41,35.4259791678367,29.4788059459674,21.9772609758359,28.3372546306095
"4",97,1,2,57,36,2756,28.4123711340206,29,20,0.206185567010309,0,0,97,1,0,0,0,0,0,0,0,0,0,0,0,0,0,0,0,0,0,0,0,0,0,0,0,0,0,0,0,0,0,0,0,0,0,0,0,0,0,0,0,0,0,0,0,0,0,0,0,0,0,0,0,0,0,0,0,0,0,0,0,0,0,0,0,0,0,0,0,0,0,0,0,0,0,0,0,39.4334883062607,31.4801524773944,27.5136329843952,19.7737199332852,27.4772633280682
"2",203,1,25,69,43,5818,28.6600985221675,29,19,0.0935960591133005,0,0,203,1,1,1,1,1,1,1,1,1,1,1,1,1,3,3,1,1,1,1,1,1,1,1,1,1,1,1,1,1,1,1,1,1,1,1,1,1,1,1,1,1,1,1,1,1,1,1,1,1,1,1,1,1,1,1,1,1,1,1,1,1,1,1,1,1,1,1,1,1,1,1,1,1,1,1,1,30.2985148150862,20,31.5911379978626,32.0624390837628,33.6452076825214
"2",223,1,49,66,42,6401,28.7040358744395,29,44,0.197309417040359,0,0,223,1,1,1,1,1,1,1,1,1,1,1,1,1,2,2,1,1,1,1,1,1,1,1,1,1,1,1,1,1,1,1,1,1,1,1,1,1,1,1,1,1,1,1,1,1,1,1,1,1,1,1,1,1,1,1,1,1,1,1,1,1,1,1,1,1,1,1,1,1,1,1,1,1,1,1,1,30.935416596516,23.259406699226,30.0832179129826,29.4108823397055,33.1209903233584
"5",184,1,13,85,39,5251,28.5380434782609,29,30,0.16304347826087,0,0,184,1,0,0,0,0,0,0,0,0,0,0,0,0,0,0,0,0,0,0,0,0,0,0,0,0,0,0,0,0,0,0,0,0,0,0,0,0,0,0,0,0,0,0,0,0,0,0,0,0,0,0,0,0,0,0,0,0,0,0,0,0,0,0,0,0,0,0,0,0,0,0,0,0,0,0,0,38.3927076409049,34.1760149812701,25.7293606605372,25.377155080899,19.4935886896179
"1",244,1,51,76,45,7000,28.6885245901639,29,45,0.184426229508197,0,0,244,1,1,1,1,1,2,2,2,3,2,2,2,2,2,1,2,1,1,1,1,1,1,1,2,2,1,1,2,2,1,1,1,1,1,1,1,1,1,1,1,1,1,1,1,1,1,1,1,1,1,1,2,2,2,2,2,2,2,2,2,2,2,2,2,2,2,2,1,1,1,1,1,1,1,1,1,23.832750575626,34.0587727318528,37.973675092095,40.6939798987516,40.9878030638384
"5",202,1,14,91,40,5767,28.549504950495,29,17,0.0841584158415842,0,0,202,1,0,0,0,0,0,0,0,0,0,0,0,0,0,0,0,0,0,0,0,0,0,0,0,0,0,0,0,0,0,0,0,0,0,0,0,0,0,0,0,0,0,0,0,0,0,0,0,0,0,0,0,0,0,0,0,0,0,0,0,0,0,0,0,0,0,0,0,0,0,0,0,0,0,0,0,39.9624824053762,37.1618083521241,30.2489669245083,29.3428015022424,25.9807621135332
"2",191,1,49,68,40,5471,28.6439790575916,29,26,0.136125654450262,0,0,191,1,1,1,1,1,1,1,1,1,1,1,1,1,1,1,1,1,1,1,1,1,1,1,1,1,1,1,1,1,1,1,1,1,1,1,1,1,1,1,1,1,1,1,1,1,1,1,1,1,1,1,1,1,1,1,1,1,1,1,1,1,1,1,1,1,1,1,1,1,1,1,1,1,1,1,1,34.928498393146,26.7581763205193,27.8208554864871,25.6124969497314,27.9642629082191
"1",238,1,49,70,44,6832,28.7058823529412,29,43,0.180672268907563,0,0,238,1,1,1,1,1,1,1,1,1,1,1,1,1,1,1,1,1,1,1,1,1,1,1,1,1,1,1,1,1,1,1,1,1,1,1,1,1,1,1,1,1,1,1,1,1,1,1,1,1,1,1,1,1,1,1,1,1,1,1,1,1,1,1,1,1,1,1,1,1,1,1,1,1,1,1,1,19.5192212959431,30.0166620396073,35.9304884464434,36.8646171823335,39
"2",216,1,49,62,40,6202,28.712962962963,29,50,0.231481481481481,0,0,216,1,1,1,1,1,1,1,1,1,1,1,1,1,1,1,1,1,1,1,1,1,1,1,1,1,1,1,1,1,1,1,1,1,1,1,1,1,1,1,1,1,1,1,1,1,1,1,1,1,1,1,1,1,1,1,1,1,1,1,1,1,1,1,1,1,1,1,1,1,1,1,1,1,1,1,1,31.3368792319848,22.4499443206436,29.8328677803526,28.8444102037119,32.218007387174
"4",96,1,51,57,37,2727,28.40625,29,14,0.145833333333333,0,0,96,1,0,0,0,0,0,0,0,0,0,0,0,0,0,0,0,0,0,0,0,0,0,0,0,0,0,0,0,0,0,0,0,0,0,0,0,0,0,0,0,0,0,0,0,0,0,0,0,0,0,0,0,0,0,0,0,0,0,0,0,0,0,0,0,0,0,0,0,0,0,0,0,0,0,0,0,38.2491829978106,32.2645316098034,28.4780617317963,21,25.6709953059869
"3",216,1,13,102,43,6162,28.5277777777778,29,31,0.143518518518519,0,0,216,1,0,0,0,0,1,1,1,1,1,1,1,1,1,1,1,1,1,1,1,1,1,1,6,6,7,6,6,6,7,6,1,1,1,1,1,1,1,1,1,1,1,1,1,1,1,1,1,1,1,1,1,1,1,1,1,1,1,1,1,1,1,1,1,1,1,1,1,1,1,1,1,1,1,1,1,32.7261363439071,27.2213151776324,26.9258240356725,28.1602556806574,28.2311884269862
"4",102,1,2,48,37,2910,28.5294117647059,29,21,0.205882352941176,0,0,102,1,0,0,0,0,0,0,0,0,0,0,0,0,0,0,0,0,0,0,0,0,0,0,0,0,0,0,0,0,0,0,0,0,0,0,0,0,0,0,0,0,0,0,0,0,0,0,0,0,0,0,0,0,0,0,0,0,0,0,0,0,0,0,0,0,0,0,0,0,0,0,0,0,0,0,0,38.3536178215302,33.4514573673555,28.0891438103763,18.1383571472171,26.7768556779918
"3",216,1,13,99,41,6165,28.5416666666667,29,33,0.152777777777778,0,0,216,1,0,0,0,0,1,1,1,1,1,1,1,1,2,2,1,1,1,1,1,1,1,1,4,6,6,4,4,6,6,4,1,1,1,1,1,1,1,1,1,1,1,1,1,1,1,1,1,1,1,1,1,1,1,1,1,1,1,1,1,1,1,1,1,1,1,1,1,1,1,1,1,1,1,1,1,32.1869538788622,26.7207784317748,17.3205080756888,28.4253408071038,26.7955220139485
"3",200,1,13,79,42,5721,28.605,29,28,0.14,0,0,200,1,0,0,0,0,1,1,1,1,1,1,1,1,1,1,1,1,1,1,1,1,1,1,2,2,2,2,2,2,2,2,1,1,1,1,1,1,1,1,1,1,1,1,1,1,1,1,1,1,1,1,1,1,1,1,1,1,1,1,1,1,1,1,1,1,1,1,1,1,1,1,1,1,1,1,1,38.7556447501522,33.555923471125,23.2808934536456,26.5706605111728,24.2899156029822
"2",203,1,49,68,43,5819,28.6650246305419,29,34,0.167487684729064,0,0,203,1,1,1,1,1,1,1,1,1,1,1,1,1,2,2,1,1,1,1,1,1,1,1,1,1,1,1,1,1,1,1,1,1,1,1,1,1,1,1,1,1,1,1,1,1,1,1,1,1,1,1,1,1,1,1,1,1,1,1,1,1,1,1,1,1,1,1,1,1,1,1,1,1,1,1,1,30.2489669245083,22.0227155455452,31,32.2024843762092,33.391615714128
"3",201,1,14,85,41,5744,28.5771144278607,29,22,0.109452736318408,0,0,201,1,0,0,0,0,1,1,1,1,1,1,1,1,1,1,1,1,1,1,1,1,1,1,3,3,3,3,3,3,3,3,1,1,1,1,1,1,1,1,1,1,1,1,1,1,1,1,1,1,1,1,1,1,1,1,1,1,1,1,1,1,1,1,1,1,1,1,1,1,1,1,1,1,1,1,1,36.2904946232481,29.7153159162073,23.3023603954621,25.9422435421457,24.8797106092495
"5",237,1,13,110,36,6763,28.535864978903,29,29,0.122362869198312,0,0,237,1,0,0,0,0,0,0,0,0,0,0,0,0,0,0,0,0,0,0,0,0,0,0,0,0,0,0,0,0,0,0,0,0,0,0,0,0,0,0,0,0,0,0,0,0,0,0,0,0,0,0,0,0,0,0,0,0,0,0,0,0,0,0,0,0,0,0,0,0,0,0,0,0,0,0,0,37.9473319220206,34.4383507154451,25.8069758011279,24.8997991959775,25.2586618806302
"5",217,1,13,103,38,6190,28.5253456221198,29,29,0.133640552995392,0,0,217,1,0,0,0,0,0,0,0,0,0,0,0,0,0,0,0,0,0,0,0,0,0,0,0,0,0,0,0,0,0,0,0,0,0,0,0,0,0,0,0,0,0,0,0,0,0,0,0,0,0,0,0,0,0,0,0,0,0,0,0,0,0,0,0,0,0,0,0,0,0,0,0,0,0,0,0,40.0624512480203,35.7910603363466,29.5127091267474,29.3087017795057,24.7184141886165
"5",207,1,13,90,38,5913,28.5652173913043,29,28,0.135265700483092,0,0,207,1,0,0,0,0,0,0,0,0,0,0,0,0,0,0,0,0,0,0,0,0,0,0,0,0,0,0,0,0,0,0,0,0,0,0,0,0,0,0,0,0,0,0,0,0,0,0,0,0,0,0,0,0,0,0,0,0,0,0,0,0,0,0,0,0,0,0,0,0,0,0,0,0,0,0,0,37.8813938497516,33.7194306001747,25.2388589282479,24.0624188310319,20.2731349327133
"1",249,1,49,97,45,7124,28.6104417670683,29,52,0.208835341365462,0,0,249,1,1,1,1,1,1,1,1,1,2,1,1,1,1,3,1,3,2,2,2,2,2,2,1,1,2,2,1,1,2,2,1,1,1,1,1,1,1,1,1,1,1,1,1,1,1,1,1,1,1,1,1,1,1,1,1,1,1,1,1,1,1,1,1,1,1,1,2,2,2,2,2,2,2,2,2,25.5147016443461,35.2562051276084,40.1621712560464,40.853396431631,42.5793377120875
"1",245,1,49,80,42,7025,28.6734693877551,29,27,0.110204081632653,0,0,245,1,1,1,1,1,1,1,1,1,1,1,1,1,1,1,1,1,1,1,1,1,1,1,1,1,1,1,1,1,1,1,1,1,1,1,1,1,1,1,1,1,1,1,1,1,1,1,1,1,1,1,1,1,1,1,1,1,1,1,1,1,1,1,1,1,1,1,1,1,1,1,1,1,1,1,1,21.4009345590327,31.3049516849971,35.7770876399966,36.1662826400502,38.1313519298752
"2",199,1,51,69,42,5702,28.6532663316583,29,25,0.125628140703518,0,0,199,1,1,1,1,1,1,1,1,1,1,1,1,1,2,2,1,1,1,1,1,1,1,1,1,1,1,1,1,1,1,1,1,1,1,1,1,1,1,1,1,1,1,1,1,1,1,1,1,1,1,1,1,1,1,1,1,1,1,1,1,1,1,1,1,1,1,1,1,1,1,1,1,1,1,1,1,28.3019433961698,21.095023109729,28.3019433961698,32.7261363439071,32.7566787083184
"3",272,1,13,123,43,7765,28.5477941176471,29,30,0.110294117647059,0,0,272,1,0,0,0,0,1,1,1,1,1,1,1,1,1,1,1,1,1,1,1,1,1,1,6,6,6,6,6,6,6,6,1,1,1,1,1,1,1,1,1,1,1,1,1,1,1,1,1,1,1,1,1,1,1,1,1,1,1,1,1,1,1,1,1,1,1,1,1,1,1,1,1,1,1,1,1,36.9864840178139,35.0142828000232,26,28.4253408071038,25.5734237050888
"5",187,1,14,87,39,5336,28.5347593582888,29,16,0.0855614973262032,0,0,187,1,0,0,0,0,0,0,0,0,0,0,0,0,0,0,0,0,0,0,0,0,0,0,0,0,0,0,0,0,0,0,0,0,0,0,0,0,0,0,0,0,0,0,0,0,0,0,0,0,0,0,0,0,0,0,0,0,0,0,0,0,0,0,0,0,0,0,0,0,0,0,0,0,0,0,0,38.7169213652119,33.2716095192282,25.3574446662119,22.5166604983954,19.3649167310371
"5",203,1,13,92,38,5795,28.5467980295567,29,31,0.152709359605911,0,0,203,1,0,0,0,0,0,0,0,0,0,0,0,0,0,0,0,0,0,0,0,0,0,0,0,0,0,0,0,0,0,0,0,0,0,0,0,0,0,0,0,0,0,0,0,0,0,0,0,0,0,0,0,0,0,0,0,0,0,0,0,0,0,0,0,0,0,0,0,0,0,0,0,0,0,0,0,39.1407715815619,35.7770876399966,28.7749891398763,28.2134719593318,23.7065391822594
"5",186,1,14,83,38,5311,28.5537634408602,29,32,0.172043010752688,0,0,186,1,0,0,0,0,0,0,0,0,0,0,0,0,0,0,0,0,0,0,0,0,0,0,0,0,0,0,0,0,0,0,0,0,0,0,0,0,0,0,0,0,0,0,0,0,0,0,0,0,0,0,0,0,0,0,0,0,0,0,0,0,0,0,0,0,0,0,0,0,0,0,0,0,0,0,0,37.0944739819828,31.8119474411737,25.4950975679639,23.2808934536456,20.1990098767242
"1",225,1,51,74,44,6451,28.6711111111111,29,36,0.16,0,0,225,1,1,1,1,1,1,1,2,1,1,1,1,2,1,1,1,1,1,1,2,1,1,2,1,1,1,1,1,1,1,1,1,1,1,1,1,1,1,1,1,1,1,1,1,1,1,1,1,1,1,1,1,1,1,1,1,1,1,1,1,1,1,1,1,1,1,1,1,1,1,1,1,1,1,1,1,20.591260281974,31.4960314960472,34.9857113690718,38.4967531098403,38.0263066836631
"5",189,1,13,87,38,5394,28.5396825396825,29,26,0.137566137566138,0,0,189,1,0,0,0,0,0,0,0,0,0,0,0,0,0,0,0,0,0,0,0,0,0,0,0,0,0,0,0,0,0,0,0,0,0,0,0,0,0,0,0,0,0,0,0,0,0,0,0,0,0,0,0,0,0,0,0,0,0,0,0,0,0,0,0,0,0,0,0,0,0,0,0,0,0,0,0,38.1182371050918,31.6701752442262,26.6645832519468,24.0208242989286,19.1049731745428
"3",284,1,13,137,40,8099,28.5176056338028,29,30,0.105633802816901,0,0,284,1,0,0,0,0,1,1,1,1,1,1,1,1,1,1,1,1,1,1,1,1,1,1,5,5,5,5,5,5,5,5,1,1,1,1,1,1,1,1,1,1,1,1,1,1,1,1,1,1,1,1,1,1,1,1,1,1,1,1,1,1,1,1,1,1,1,1,1,1,1,1,1,1,1,1,1,37.72267222772,35.2278299076171,28.5832118559129,27.5862284482674,27.7308492477241
"4",101,1,2,54,35,2875,28.4653465346535,29,42,0.415841584158416,0,0,101,1,0,0,0,0,0,0,0,0,0,0,0,0,0,0,0,0,0,0,0,0,0,0,0,0,0,0,0,0,0,0,0,0,0,0,0,0,0,0,0,0,0,0,0,0,0,0,0,0,0,0,0,0,0,0,0,0,0,0,0,0,0,0,0,0,0,0,0,0,0,0,0,0,0,0,0,36.3180395946698,31.288975694324,29.5803989154981,21,28.4429253066558
"2",213,1,49,64,42,6113,28.6995305164319,29,50,0.234741784037559,0,0,213,1,1,1,1,1,1,1,1,1,1,1,1,1,2,2,1,1,1,1,1,1,1,1,1,1,1,1,1,1,1,1,1,1,1,1,1,1,1,1,1,1,1,1,1,1,1,1,1,1,1,1,1,1,1,1,1,1,1,1,1,1,1,1,1,1,1,1,1,1,1,1,1,1,1,1,1,28.3372546306095,17.5783958312469,31.9217793990247,32.2955105239103,35
"4",116,1,49,68,38,3296,28.4137931034483,29,12,0.103448275862069,0,0,116,1,0,0,0,0,0,0,0,0,0,0,0,0,0,0,0,0,0,0,0,0,0,0,0,0,0,0,0,0,0,0,0,0,0,0,0,0,0,0,0,0,0,0,0,0,0,0,0,0,0,0,0,0,0,0,0,0,0,0,0,0,0,0,0,0,0,0,0,0,0,0,0,0,0,0,0,42.1781934179263,37.296112397943,35.4259791678367,33.3016516106934,32.2335229225724
"3",191,1,49,78,40,5461,28.5916230366492,29,22,0.115183246073298,0,0,191,1,0,0,0,0,1,1,1,1,1,1,1,1,1,1,1,1,1,1,1,1,1,1,4,4,4,4,4,4,4,4,1,1,1,1,1,1,1,1,1,1,1,1,1,1,1,1,1,1,1,1,1,1,1,1,1,1,1,1,1,1,1,1,1,1,1,1,1,1,1,1,1,1,1,1,1,34.5832329315812,29.4278779391243,28.5657137141714,26.2678510731274,28.3196045170126
"2",208,1,49,66,45,5966,28.6826923076923,29,38,0.182692307692308,0,0,208,1,1,1,1,1,1,1,1,1,1,1,1,1,1,1,1,1,1,1,1,1,1,1,1,1,1,1,1,1,1,1,1,1,1,1,1,1,1,1,1,1,1,1,1,1,1,1,1,1,1,1,1,1,1,1,1,1,1,1,1,1,1,1,1,1,1,1,1,1,1,1,1,1,1,1,1,28.2134719593318,21.4941852602047,30.7245829914744,32.649655434629,35.0428309358705
"5",227,1,13,107,37,6476,28.5286343612335,29,28,0.123348017621145,0,0,227,1,0,0,0,0,0,0,0,0,0,0,0,0,0,0,0,0,0,0,0,0,0,0,0,0,0,0,0,0,0,0,0,0,0,0,0,0,0,0,0,0,0,0,0,0,0,0,0,0,0,0,0,0,0,0,0,0,0,0,0,0,0,0,0,0,0,0,0,0,0,0,0,0,0,0,0,38.1444622455213,35.028559776274,27.1477439209965,28.0535202782111,25
"4",100,1,7,74,38,2826,28.26,29,19,0.19,0,0,100,1,0,0,0,0,0,0,0,0,0,0,0,0,0,0,0,0,0,0,0,0,0,0,0,0,0,0,0,0,0,0,0,0,0,0,0,0,0,0,0,0,0,0,0,0,0,0,0,0,0,0,0,0,0,0,0,0,0,0,0,0,0,0,0,0,0,0,0,0,0,0,0,0,0,0,0,42.8135492572153,37.3764631820615,31.41655614481,25.3968501984006,30.6431068920891
"5",203,1,14,95,38,5792,28.5320197044335,29,29,0.142857142857143,0,0,203,1,0,0,0,0,0,0,0,0,0,0,0,0,0,0,0,0,0,0,0,0,0,0,0,0,0,0,0,0,0,0,0,0,0,0,0,0,0,0,0,0,0,0,0,0,0,0,0,0,0,0,0,0,0,0,0,0,0,0,0,0,0,0,0,0,0,0,0,0,0,0,0,0,0,0,0,40.4474968323134,35.7211421989835,27.459060435492,25.298221281347,25.9229627936314
"2",205,1,49,81,43,5864,28.6048780487805,29,19,0.0926829268292683,0,0,205,1,1,1,1,1,1,1,1,1,1,1,1,1,2,2,1,1,1,1,1,1,1,1,1,1,1,1,1,1,1,1,1,1,1,1,1,1,1,1,1,1,1,1,1,1,1,1,1,1,1,1,1,1,1,1,1,1,1,1,1,1,1,1,1,1,1,1,1,1,1,1,1,1,1,1,1,32.9545141065682,25.0599281722833,26.9814751264641,30.5286750449475,29.5296461204668
"3",239,1,13,124,41,6807,28.4811715481172,29,24,0.100418410041841,0,0,239,1,0,0,0,0,1,1,1,1,1,1,1,1,2,2,1,1,1,1,1,1,1,1,9,9,9,9,9,9,9,9,1,1,1,1,1,1,1,1,1,1,1,1,1,1,1,1,1,1,1,1,1,1,1,1,1,1,1,1,1,1,1,1,1,1,1,1,1,1,1,1,1,1,1,1,1,36.1939221417077,31.4324672910034,26.1151297144012,27.459060435492,28.1424945589406
"3",210,1,13,92,40,5998,28.5619047619048,29,33,0.157142857142857,0,0,210,1,0,0,0,0,1,1,1,1,1,1,1,1,1,1,1,1,1,1,1,1,1,1,5,6,6,5,5,6,6,5,1,1,1,1,1,1,1,1,1,1,1,1,1,1,1,1,1,1,1,1,1,1,1,1,1,1,1,1,1,1,1,1,1,1,1,1,1,1,1,1,1,1,1,1,1,33.0302891298275,28.4077454226836,17.8605710994918,28.3019433961698,27.5136329843952
"5",190,1,13,87,38,5423,28.5421052631579,29,28,0.147368421052632,0,0,190,1,0,0,0,0,0,0,0,0,0,0,0,0,0,0,0,0,0,0,0,0,0,0,0,0,0,0,0,0,0,0,0,0,0,0,0,0,0,0,0,0,0,0,0,0,0,0,0,0,0,0,0,0,0,0,0,0,0,0,0,0,0,0,0,0,0,0,0,0,0,0,0,0,0,0,0,38.9486841883009,32.4499614791759,26.2106848441623,24.3926218353009,20.2731349327133
"3",201,1,49,71,42,5758,28.6467661691542,29,29,0.144278606965174,0,0,201,1,0,0,0,0,1,1,1,1,1,1,1,1,1,1,1,1,1,1,1,1,1,1,1,1,1,1,1,1,1,1,1,1,1,1,1,1,1,1,1,1,1,1,1,1,1,1,1,1,1,1,1,1,1,1,1,1,1,1,1,1,1,1,1,1,1,1,1,1,1,1,1,1,1,1,1,35.0856095856977,30.7733651068582,21.7944947177034,27.8747197295327,26.6645832519468
"4",103,1,2,57,37,2930,28.4466019417476,29,18,0.174757281553398,0,0,103,1,0,0,0,0,0,0,0,0,0,0,0,0,0,0,0,0,0,0,0,0,0,0,0,0,0,0,0,0,0,0,0,0,0,0,0,0,0,0,0,0,0,0,0,0,0,0,0,0,0,0,0,0,0,0,0,0,0,0,0,0,0,0,0,0,0,0,0,0,0,0,0,0,0,0,0,40.9511904588865,36.0970912955601,29.748949561287,20.712315177208,28.3725219182222
"3",211,1,13,98,42,6021,28.5355450236967,29,23,0.109004739336493,0,0,211,1,0,0,0,0,1,1,1,1,1,1,1,1,2,2,1,1,1,1,1,1,1,1,4,4,4,4,4,4,4,4,1,1,1,1,1,1,1,1,1,1,1,1,1,1,1,1,1,1,1,1,1,1,1,1,1,1,1,1,1,1,1,1,1,1,1,1,1,1,1,1,1,1,1,1,1,36.428011200174,29.7825452236709,20.5669638012031,27.367864366808,25.2388589282479
"2",196,1,49,70,43,5614,28.6428571428571,29,43,0.219387755102041,0,0,196,1,1,1,1,1,1,1,1,1,1,1,1,1,1,1,1,1,1,1,1,1,1,1,1,1,1,1,1,1,1,1,1,1,1,1,1,1,1,1,1,1,1,1,1,1,1,1,1,1,1,1,1,1,1,1,1,1,1,1,1,1,1,1,1,1,1,1,1,1,1,1,1,1,1,1,1,27.5499546279118,21.1896201004171,31.6069612585582,32.8481354113137,34.2782730020052
"2",214,1,49,66,42,6140,28.6915887850467,29,37,0.172897196261682,0,0,214,1,1,1,1,1,1,1,1,1,1,1,1,1,2,2,1,1,1,1,1,1,1,1,1,1,1,1,1,1,1,1,1,1,1,1,1,1,1,1,1,1,1,1,1,1,1,1,1,1,1,1,1,1,1,1,1,1,1,1,1,1,1,1,1,1,1,1,1,1,1,1,1,1,1,1,1,28.3548937575157,0,28.49561369755,32.4345494804537,33.0151480384384
"1",231,1,51,70,42,6629,28.6969696969697,29,38,0.164502164502165,0,0,231,1,1,1,1,1,1,1,1,1,1,1,1,1,1,1,1,1,1,1,1,1,1,1,1,1,1,1,1,1,1,1,1,1,1,1,1,1,1,1,1,1,1,1,1,1,1,1,1,1,1,1,1,1,1,1,1,1,1,1,1,1,1,1,1,1,1,1,1,1,1,1,1,1,1,1,1,20.712315177208,31.5753068076939,33.1511689085016,37.4299345444258,36.783148315499
"5",237,1,14,133,38,6740,28.4388185654008,29,30,0.126582278481013,0,0,237,1,0,0,0,0,0,0,0,0,0,0,0,0,0,0,0,0,0,0,0,0,0,0,0,0,0,0,0,0,0,0,0,0,0,0,0,0,0,0,0,0,0,0,0,0,0,0,0,0,0,0,0,0,0,0,0,0,0,0,0,0,0,0,0,0,0,0,0,0,0,0,0,0,0,0,0,40.5462698654266,35.7211421989835,28.2842712474619,29.698484809835,25.1396101799531
"5",182,1,13,78,38,5200,28.5714285714286,29,31,0.17032967032967,0,0,182,1,0,0,0,0,0,0,0,0,0,0,0,0,0,0,0,0,0,0,0,0,0,0,0,0,0,0,0,0,0,0,0,0,0,0,0,0,0,0,0,0,0,0,0,0,0,0,0,0,0,0,0,0,0,0,0,0,0,0,0,0,0,0,0,0,0,0,0,0,0,0,0,0,0,0,0,38.2361085886103,33.0151480384384,24.8596057893121,25.0998007960223,0
"1",228,1,45,80,44,6532,28.6491228070175,29,35,0.153508771929825,0,0,228,1,1,1,1,1,1,1,1,1,1,1,1,1,1,1,1,1,1,1,1,1,1,1,1,1,1,1,1,1,1,1,1,1,1,1,1,1,1,1,1,1,1,1,1,1,1,1,1,1,1,1,1,1,1,1,1,1,1,1,1,1,1,1,1,1,1,1,1,1,1,1,1,1,1,1,1,22.1810730128188,32.7108544675922,34.9857113690718,38.9101529166874,37.9473319220206
"5",192,1,14,83,38,5485,28.5677083333333,29,25,0.130208333333333,0,0,192,1,0,0,0,0,0,0,0,0,0,0,0,0,0,0,0,0,0,0,0,0,0,0,0,0,0,0,0,0,0,0,0,0,0,0,0,0,0,0,0,0,0,0,0,0,0,0,0,0,0,0,0,0,0,0,0,0,0,0,0,0,0,0,0,0,0,0,0,0,0,0,0,0,0,0,0,36.9594372251527,31.9061122670876,28.0713376952364,22.9782505861521,26.7581763205193
"4",106,1,13,56,35,3018,28.4716981132075,29,34,0.320754716981132,0,0,106,1,0,0,0,0,0,0,0,0,0,0,0,0,0,0,0,0,0,0,0,0,0,0,0,0,0,0,0,0,0,0,0,0,0,0,0,0,0,0,0,0,0,0,0,0,0,0,0,0,0,0,0,0,0,0,0,0,0,0,0,0,0,0,0,0,0,0,0,0,0,0,0,0,0,0,0,37.0270171631472,32.1403173599764,30.1496268633627,20.0249843945008,28.9309522829789
"2",202,1,49,74,41,5784,28.6336633663366,29,24,0.118811881188119,0,0,202,1,1,1,1,1,1,1,1,1,1,1,1,1,2,2,1,1,1,1,1,1,1,1,1,1,1,1,1,1,1,1,1,1,1,1,1,1,1,1,1,1,1,1,1,1,1,1,1,1,1,1,1,1,1,1,1,1,1,1,1,1,1,1,1,1,1,1,1,1,1,1,1,1,1,1,1,31.224989991992,22.7376340018041,27.4408454680245,29.6816441593117,31.3209195267317
"3",211,1,13,96,41,6023,28.5450236966825,29,43,0.203791469194313,0,0,211,1,0,0,0,0,1,1,1,1,1,1,1,1,1,1,1,1,1,1,1,1,1,1,3,4,5,3,3,4,5,3,1,1,1,1,1,1,1,1,1,1,1,1,1,1,1,1,1,1,1,1,1,1,1,1,1,1,1,1,1,1,1,1,1,1,1,1,1,1,1,1,1,1,1,1,1,33.8526217596215,27.6043474836845,24.8596057893121,29.0516780926679,28.2488937836511
"3",205,1,13,93,44,5852,28.5463414634146,29,28,0.136585365853659,0,0,205,1,0,0,0,0,1,1,2,1,1,1,1,2,3,3,1,1,1,1,2,1,1,2,4,4,4,4,4,4,4,4,1,1,1,1,1,1,1,1,1,1,1,1,1,1,1,1,1,1,1,1,1,1,1,1,1,1,1,1,1,1,1,1,1,1,1,1,1,1,1,1,1,1,1,1,1,37.3496987939662,31.8904374382039,27.1108834234519,28.9309522829789,26.6645832519468
"4",101,1,13,73,38,2856,28.2772277227723,29,18,0.178217821782178,0,0,101,1,0,0,0,0,0,0,0,0,0,0,0,0,0,0,0,0,0,0,0,0,0,0,0,0,0,0,0,0,0,0,0,0,0,0,0,0,0,0,0,0,0,0,0,0,0,0,0,0,0,0,0,0,0,0,0,0,0,0,0,0,0,0,0,0,0,0,0,0,0,0,0,0,0,0,0,43.6348484585429,38.1051177665153,33.0756708170825,28.2134719593318,31.2089730686545
"4",92,1,2,66,37,2602,28.2826086956522,29,19,0.206521739130435,0,0,92,1,0,0,0,0,0,0,0,0,0,0,0,0,0,0,0,0,0,0,0,0,0,0,0,0,0,0,0,0,0,0,0,0,0,0,0,0,0,0,0,0,0,0,0,0,0,0,0,0,0,0,0,0,0,0,0,0,0,0,0,0,0,0,0,0,0,0,0,0,0,0,0,0,0,0,0,40.8044115262063,33.8969025133566,29.2745623366089,23.0434372436058,28.8617393793236
"5",195,1,13,104,39,5551,28.4666666666667,29,28,0.143589743589744,0,0,195,1,0,0,0,0,0,0,0,0,0,0,0,0,0,0,0,0,0,0,0,0,0,0,0,0,0,0,0,0,0,0,0,0,0,0,0,0,0,0,0,0,0,0,0,0,0,0,0,0,0,0,0,0,0,0,0,0,0,0,0,0,0,0,0,0,0,0,0,0,0,0,0,0,0,0,0,39.7114593033296,36.783148315499,28.8617393793236,28.7228132326901,23.8537208837531
"4",97,1,2,58,38,2755,28.4020618556701,29,17,0.175257731958763,0,0,97,1,0,0,0,0,0,0,0,0,0,0,0,0,0,0,0,0,0,0,0,0,0,0,0,0,0,0,0,0,0,0,0,0,0,0,0,0,0,0,0,0,0,0,0,0,0,0,0,0,0,0,0,0,0,0,0,0,0,0,0,0,0,0,0,0,0,0,0,0,0,0,0,0,0,0,0,42.485291572496,38.5097390279394,32.2645316098034,22.248595461287,30.8382878902185
"5",210,1,13,91,38,5999,28.5666666666667,29,29,0.138095238095238,0,0,210,1,0,0,0,0,0,0,0,0,0,0,0,0,0,0,0,0,0,0,0,0,0,0,0,0,0,0,0,0,0,0,0,0,0,0,0,0,0,0,0,0,0,0,0,0,0,0,0,0,0,0,0,0,0,0,0,0,0,0,0,0,0,0,0,0,0,0,0,0,0,0,0,0,0,0,0,37.6164857476081,35.9304884464434,28.8270706107991,30.5122926047847,27.4043792120894
"4",85,1,2,53,36,2412,28.3764705882353,29,29,0.341176470588235,0,0,85,1,0,0,0,0,0,0,0,0,0,0,0,0,0,0,0,0,0,0,0,0,0,0,0,0,0,0,0,0,0,0,0,0,0,0,0,0,0,0,0,0,0,0,0,0,0,0,0,0,0,0,0,0,0,0,0,0,0,0,0,0,0,0,0,0,0,0,0,0,0,0,0,0,0,0,0,39.344631145812,34.2928563989645,27.0554985169374,22.0907220343745,24.5356882927706
"5",191,1,13,89,38,5450,28.5340314136126,29,14,0.0732984293193717,0,0,191,1,0,0,0,0,0,0,0,0,0,0,0,0,0,0,0,0,0,0,0,0,0,0,0,0,0,0,0,0,0,0,0,0,0,0,0,0,0,0,0,0,0,0,0,0,0,0,0,0,0,0,0,0,0,0,0,0,0,0,0,0,0,0,0,0,0,0,0,0,0,0,0,0,0,0,0,38.4577690460588,35.1710107901379,27,25.9807621135332,24.3926218353009
"1",233,1,51,73,42,6684,28.68669527897,29,32,0.137339055793991,0,0,233,1,1,1,1,1,1,1,1,1,1,1,1,1,1,1,1,1,1,1,1,1,1,1,1,1,1,1,1,1,1,1,1,1,1,1,1,1,1,1,1,1,1,1,1,1,1,1,1,1,1,1,1,1,1,1,1,1,1,1,1,1,1,1,1,1,1,1,1,1,1,1,1,1,1,1,1,26.0192236625154,35.4259791678367,38.8458491991101,41.6052881254294,41.7731971484108
"3",216,1,13,97,40,6167,28.5509259259259,29,28,0.12962962962963,0,0,216,1,0,0,0,0,1,1,1,1,1,1,1,1,1,1,1,1,1,1,1,1,1,1,2,4,4,2,2,4,4,2,1,1,1,1,1,1,1,1,1,1,1,1,1,1,1,1,1,1,1,1,1,1,1,1,1,1,1,1,1,1,1,1,1,1,1,1,1,1,1,1,1,1,1,1,1,32.8785644455472,29.7825452236709,20.6639783197718,27.9463772249642,28.6879765755621
"4",97,1,13,58,37,2755,28.4020618556701,29,17,0.175257731958763,0,0,97,1,0,0,0,0,0,0,0,0,0,0,0,0,0,0,0,0,0,0,0,0,0,0,0,0,0,0,0,0,0,0,0,0,0,0,0,0,0,0,0,0,0,0,0,0,0,0,0,0,0,0,0,0,0,0,0,0,0,0,0,0,0,0,0,0,0,0,0,0,0,0,0,0,0,0,0,38.6134691526156,34.1906419945575,27.367864366808,14.0356688476182,25.8650343127551
"2",204,1,51,87,43,5829,28.5735294117647,29,17,0.0833333333333333,0,0,204,1,1,1,1,1,1,1,1,1,1,1,1,1,2,2,1,1,1,1,1,1,1,1,1,1,1,1,1,1,1,1,1,1,1,1,1,1,1,1,1,1,1,1,1,1,1,1,1,1,1,1,1,1,1,1,1,1,1,1,1,1,1,1,1,1,1,1,1,1,1,1,1,1,1,1,1,31.0805405358401,29.5972971738975,30.3315017762062,35.0428309358705,33.7638860322683
"4",87,1,2,51,38,2472,28.4137931034483,29,26,0.298850574712644,0,0,87,1,0,0,0,0,0,0,0,0,0,0,0,0,0,0,0,0,0,0,0,0,0,0,0,0,0,0,0,0,0,0,0,0,0,0,0,0,0,0,0,0,0,0,0,0,0,0,0,0,0,0,0,0,0,0,0,0,0,0,0,0,0,0,0,0,0,0,0,0,0,0,0,0,0,0,0,41.146081222882,35.7351367704113,29.9833287011299,20.1246117974981,29.4448637286709
"5",198,1,14,75,37,5667,28.6212121212121,29,30,0.151515151515152,0,0,198,1,0,0,0,0,0,0,0,0,0,0,0,0,0,0,0,0,0,0,0,0,0,0,0,0,0,0,0,0,0,0,0,0,0,0,0,0,0,0,0,0,0,0,0,0,0,0,0,0,0,0,0,0,0,0,0,0,0,0,0,0,0,0,0,0,0,0,0,0,0,0,0,0,0,0,0,38.2883794381533,33.0454232837166,25.4950975679639,24.4948974278318,18.5472369909914
"5",216,1,13,129,39,6135,28.4027777777778,29,31,0.143518518518519,0,0,216,1,0,0,0,0,0,0,0,0,0,0,0,0,0,0,0,0,0,0,0,0,0,0,0,0,0,0,0,0,0,0,0,0,0,0,0,0,0,0,0,0,0,0,0,0,0,0,0,0,0,0,0,0,0,0,0,0,0,0,0,0,0,0,0,0,0,0,0,0,0,0,0,0,0,0,0,41.4366987102013,38.405728739343,30.8706980808663,32.8785644455472,27.4043792120894
"2",209,1,49,74,44,5987,28.6459330143541,29,28,0.133971291866029,0,0,209,1,1,1,1,1,1,1,1,1,1,1,1,1,2,2,1,1,1,1,1,1,1,1,1,1,1,1,1,1,1,1,1,1,1,1,1,1,1,1,1,1,1,1,1,1,1,1,1,1,1,1,1,1,1,1,1,1,1,1,1,1,1,1,1,1,1,1,1,1,1,1,1,1,1,1,1,29.1719042916296,18.8414436814168,27.2213151776324,33,32.1091887160046
"3",209,1,13,108,43,5953,28.4832535885167,29,15,0.0717703349282297,0,0,209,1,0,0,0,0,1,1,1,1,1,1,1,1,2,2,1,1,1,1,1,1,1,1,3,3,3,3,3,3,3,3,1,1,1,1,1,1,1,1,1,1,1,1,1,1,1,1,1,1,1,1,1,1,1,1,1,1,1,1,1,1,1,1,1,1,1,1,1,1,1,1,1,1,1,1,1,35.5668384875575,29.3087017795057,21.3775583264319,27.367864366808,27.4772633280682
"3",213,1,49,82,42,6095,28.6150234741784,29,21,0.0985915492957746,0,0,213,1,0,0,0,0,1,1,1,1,1,1,1,1,1,1,1,1,1,1,1,1,1,1,3,3,3,3,3,3,3,3,1,1,1,1,1,1,1,1,1,1,1,1,1,1,1,1,1,1,1,1,1,1,1,1,1,1,1,1,1,1,1,1,1,1,1,1,1,1,1,1,1,1,1,1,1,35.7071421427142,32.0468407179241,23.9791576165636,26.4764045897475,25.8263431402899
"3",188,1,13,85,41,5367,28.5478723404255,29,31,0.164893617021277,0,0,188,1,0,0,0,0,1,1,1,1,1,1,1,1,1,1,1,1,1,1,1,1,1,1,4,4,4,4,4,4,4,4,1,1,1,1,1,1,1,1,1,1,1,1,1,1,1,1,1,1,1,1,1,1,1,1,1,1,1,1,1,1,1,1,1,1,1,1,1,1,1,1,1,1,1,1,1,35,29.7153159162073,23.259406699226,27.9463772249642,24.1867732448956
"2",221,1,49,78,45,6331,28.6470588235294,29,37,0.167420814479638,0,0,221,1,1,1,1,1,1,1,1,1,1,1,1,1,2,2,1,1,1,1,1,1,1,1,1,1,1,1,1,1,1,1,1,1,1,1,1,1,1,1,1,1,1,1,1,1,1,1,1,1,1,1,1,1,1,1,1,1,1,1,1,1,1,1,1,1,1,1,1,1,1,1,1,1,1,1,1,32.0156211871642,21.4242852856285,29.4448637286709,33.5111921602321,34.5687720348872
"4",116,1,13,74,38,3290,28.3620689655172,29,20,0.172413793103448,0,0,116,1,0,0,0,0,0,0,0,0,0,0,0,0,0,0,0,0,0,0,0,0,0,0,0,0,0,0,0,0,0,0,0,0,0,0,0,0,0,0,0,0,0,0,0,0,0,0,0,0,0,0,0,0,0,0,0,0,0,0,0,0,0,0,0,0,0,0,0,0,0,0,0,0,0,0,0,38.7556447501522,31.9374388453426,25.8843582110896,20.7364413533277,25.7293606605372
"5",184,1,13,82,38,5254,28.554347826087,29,29,0.157608695652174,0,0,184,1,0,0,0,0,0,0,0,0,0,0,0,0,0,0,0,0,0,0,0,0,0,0,0,0,0,0,0,0,0,0,0,0,0,0,0,0,0,0,0,0,0,0,0,0,0,0,0,0,0,0,0,0,0,0,0,0,0,0,0,0,0,0,0,0,0,0,0,0,0,0,0,0,0,0,0,38.5875627631495,32.6036807738022,24.9198715887542,24.0208242989286,17
"3",216,1,13,84,41,6180,28.6111111111111,29,31,0.143518518518519,0,0,216,1,0,0,0,0,1,2,1,1,1,1,2,1,1,1,1,1,1,2,1,1,2,1,4,4,4,4,4,4,4,4,1,1,1,1,1,1,1,1,1,1,1,1,1,1,1,1,1,1,1,1,1,1,1,1,1,1,1,1,1,1,1,1,1,1,1,1,1,1,1,1,1,1,1,1,1,34.5687720348872,29.7153159162073,19.5192212959431,25.6320112359526,24.6779253585061
"5",178,1,13,78,38,5084,28.561797752809,29,31,0.174157303370787,0,0,178,1,0,0,0,0,0,0,0,0,0,0,0,0,0,0,0,0,0,0,0,0,0,0,0,0,0,0,0,0,0,0,0,0,0,0,0,0,0,0,0,0,0,0,0,0,0,0,0,0,0,0,0,0,0,0,0,0,0,0,0,0,0,0,0,0,0,0,0,0,0,0,0,0,0,0,0,36.592348927064,32.1403173599764,25.4361946839538,24.3926218353009,19.824227601599
"1",242,1,49,78,44,6940,28.6776859504132,29,38,0.15702479338843,0,0,242,1,1,1,1,1,1,1,1,1,1,1,1,1,1,1,1,1,1,1,1,1,1,1,1,1,1,1,1,1,1,1,1,1,1,1,1,1,1,1,1,1,1,1,1,1,1,1,1,1,1,1,1,1,1,1,1,1,1,1,1,1,1,1,1,1,1,1,1,1,1,1,1,1,1,1,1,17.5783958312469,28.4077454226836,34.8855270850248,37.8549864614954,38.3275357934736
"5",213,1,13,99,38,6078,28.5352112676056,29,34,0.15962441314554,0,0,213,1,0,0,0,0,0,0,0,0,0,0,0,0,0,0,0,0,0,0,0,0,0,0,0,0,0,0,0,0,0,0,0,0,0,0,0,0,0,0,0,0,0,0,0,0,0,0,0,0,0,0,0,0,0,0,0,0,0,0,0,0,0,0,0,0,0,0,0,0,0,0,0,0,0,0,0,38.0394532032205,34.8855270850248,28.4429253066558,28.0891438103763,25.0798724079689
"1",236,1,49,83,44,6761,28.6483050847458,29,45,0.190677966101695,0,0,236,1,1,1,1,1,2,2,4,3,3,2,2,4,3,3,3,3,2,2,4,2,2,4,2,2,2,2,2,2,2,2,1,1,1,1,1,1,1,1,1,1,1,1,1,1,1,1,1,1,1,1,2,2,2,2,2,2,2,2,2,2,2,2,2,2,2,2,2,2,2,2,2,2,2,2,2,22.7156333832011,33.8526217596215,37.4699879903904,38.6264158316559,40.1746188532013
"5",199,1,14,105,38,5666,28.4723618090452,29,26,0.130653266331658,0,0,199,1,0,0,0,0,0,0,0,0,0,0,0,0,0,0,0,0,0,0,0,0,0,0,0,0,0,0,0,0,0,0,0,0,0,0,0,0,0,0,0,0,0,0,0,0,0,0,0,0,0,0,0,0,0,0,0,0,0,0,0,0,0,0,0,0,0,0,0,0,0,0,0,0,0,0,0,40.2243707222375,34.6410161513775,26.9814751264641,26.7955220139485,24.0831891575846
"3",273,1,13,122,41,7795,28.5531135531136,29,30,0.10989010989011,0,0,273,1,0,0,0,0,1,1,1,1,1,1,1,1,1,1,1,1,1,1,1,1,1,1,8,9,9,8,8,9,9,8,1,1,1,1,1,1,1,1,1,1,1,1,1,1,1,1,1,1,1,1,1,1,1,1,1,1,1,1,1,1,1,1,1,1,1,1,1,1,1,1,1,1,1,1,1,36.2767142944341,31.8119474411737,23.1948270094864,28.3548937575157,26.0384331325831
"5",269,1,13,149,38,7650,28.4386617100372,29,30,0.111524163568773,0,0,269,1,0,0,0,0,0,0,0,0,0,0,0,0,0,0,0,0,0,0,0,0,0,0,0,0,0,0,0,0,0,0,0,0,0,0,0,0,0,0,0,0,0,0,0,0,0,0,0,0,0,0,0,0,0,0,0,0,0,0,0,0,0,0,0,0,0,0,0,0,0,0,0,0,0,0,0,41.2553026894725,37.6563407675255,32.310988842807,32.9241552663087,28.2134719593318
"2",211,1,25,66,44,6053,28.6872037914692,29,35,0.165876777251185,0,0,211,1,1,1,1,1,1,1,1,1,1,1,1,1,2,2,1,1,1,1,1,1,1,1,1,1,1,1,1,1,1,1,1,1,1,1,1,1,1,1,1,1,1,1,1,1,1,1,1,1,1,1,1,1,1,1,1,1,1,1,1,1,1,1,1,1,1,1,1,1,1,1,1,1,1,1,1,28.3548937575157,18.8148877222268,30.886890422961,34.6987031457949,35.749125863439
"2",217,1,49,73,43,6220,28.6635944700461,29,39,0.179723502304147,0,0,217,1,1,1,1,1,1,1,1,1,1,1,1,1,2,2,1,1,1,1,1,1,1,1,1,1,1,1,1,1,1,1,1,1,1,1,1,1,1,1,1,1,1,1,1,1,1,1,1,1,1,1,1,1,1,1,1,1,1,1,1,1,1,1,1,1,1,1,1,1,1,1,1,1,1,1,1,31.8276609256791,21.095023109729,27.1477439209965,30.1164406927512,30.7083050655682
"1",235,1,49,85,44,6730,28.6382978723404,29,24,0.102127659574468,0,0,235,1,1,1,1,1,2,2,2,3,2,2,2,2,2,1,2,1,1,1,1,1,1,1,2,2,1,1,2,2,1,1,1,1,1,1,1,1,1,1,1,1,1,1,1,1,1,1,1,1,1,1,2,2,2,2,2,2,2,2,2,2,2,2,2,2,2,2,1,1,1,1,1,1,1,1,1,26.1725046566048,35.4541958024717,38.3014360044111,39.560080889705,40.4598566482878
"4",106,1,14,75,37,2999,28.2924528301887,29,17,0.160377358490566,0,0,106,1,0,0,0,0,0,0,0,0,0,0,0,0,0,0,0,0,0,0,0,0,0,0,0,0,0,0,0,0,0,0,0,0,0,0,0,0,0,0,0,0,0,0,0,0,0,0,0,0,0,0,0,0,0,0,0,0,0,0,0,0,0,0,0,0,0,0,0,0,0,0,0,0,0,0,0,39.560080889705,34.7706773014274,30.6757233003559,20.174241001832,29.1032644217105
"2",202,1,49,72,41,5786,28.6435643564356,29,22,0.108910891089109,0,0,202,1,1,1,1,1,1,1,2,1,1,1,1,2,2,2,1,1,1,1,2,1,1,2,1,1,1,1,1,1,1,1,1,1,1,1,1,1,1,1,1,1,1,1,1,1,1,1,1,1,1,1,1,1,1,1,1,1,1,1,1,1,1,1,1,1,1,1,1,1,1,1,1,1,1,1,1,29.748949561287,20.2237484161567,29.7153159162073,31.224989991992,31.1929479209644
"1",229,1,49,72,42,6569,28.6855895196507,29,50,0.218340611353712,0,0,229,1,1,1,1,1,1,1,1,1,1,1,1,1,1,1,1,1,1,1,1,1,1,1,1,1,1,1,1,1,1,1,1,1,1,1,1,1,1,1,1,1,1,1,1,1,1,1,1,1,1,1,1,1,1,1,1,1,1,1,1,1,1,1,1,1,1,1,1,1,1,1,1,1,1,1,1,20.0748598998847,31.7017349682947,34.9141805001922,37.1348892552543,37.9605057922046
"2",200,1,49,69,41,5731,28.655,29,26,0.13,0,0,200,1,1,1,1,1,1,1,1,1,1,1,1,1,1,1,1,1,1,1,1,1,1,1,1,1,1,1,1,1,1,1,1,1,1,1,1,1,1,1,1,1,1,1,1,1,1,1,1,1,1,1,1,1,1,1,1,1,1,1,1,1,1,1,1,1,1,1,1,1,1,1,1,1,1,1,1,32.2490309931942,22.4499443206436,26.9072480941474,29.6310647800581,29.3938769133981
"3",248,1,13,123,41,7069,28.5040322580645,29,23,0.092741935483871,0,0,248,1,0,0,0,0,1,1,1,1,1,1,1,1,1,1,1,1,1,1,1,1,1,1,8,10,10,8,8,10,10,8,1,1,1,1,1,1,1,1,1,1,1,1,1,1,1,1,1,1,1,1,1,1,1,1,1,1,1,1,1,1,1,1,1,1,1,1,1,1,1,1,1,1,1,1,1,36.0138862107382,31.2569992161756,29.1032644217105,28.9654967159205,27.4408454680245
"1",243,1,49,76,42,6971,28.6872427983539,29,35,0.1440329218107,0,0,243,1,1,1,1,1,1,1,1,1,1,1,1,1,2,2,1,1,1,1,1,1,1,1,1,1,1,1,1,1,1,1,1,1,1,1,1,1,1,1,1,1,1,1,1,1,1,1,1,1,1,1,1,1,1,1,1,1,1,1,1,1,1,1,1,1,1,1,1,1,1,1,1,1,1,1,1,19.313207915828,31.6701752442262,35.9026461420325,37.6696164036747,38.9486841883009
"4",102,1,2,61,38,2897,28.4019607843137,29,21,0.205882352941176,0,0,102,1,0,0,0,0,0,0,0,0,0,0,0,0,0,0,0,0,0,0,0,0,0,0,0,0,0,0,0,0,0,0,0,0,0,0,0,0,0,0,0,0,0,0,0,0,0,0,0,0,0,0,0,0,0,0,0,0,0,0,0,0,0,0,0,0,0,0,0,0,0,0,0,0,0,0,0,37.322915213043,32.7261363439071,27.8028775489157,19.9749843554382,24.8797106092495
"1",234,1,49,74,44,6712,28.6837606837607,29,42,0.179487179487179,0,0,234,1,1,1,1,1,1,1,1,1,1,1,1,1,2,2,1,1,1,1,1,1,1,1,1,1,1,1,1,1,1,1,1,1,1,1,1,1,1,1,1,1,1,1,1,1,1,1,1,1,1,1,1,1,1,1,1,1,1,1,1,1,1,1,1,1,1,1,1,1,1,1,1,1,1,1,1,27.0370116691915,34.3365694267788,36.9459064038223,37.1079506305589,40.5092582010582
"1",232,1,51,81,44,6647,28.6508620689655,29,42,0.181034482758621,0,0,232,1,1,1,1,1,1,1,1,1,1,1,1,1,1,1,1,1,1,1,1,1,1,1,1,1,1,1,1,1,1,1,1,1,1,1,1,1,1,1,1,1,1,1,1,1,1,1,1,1,1,1,1,1,1,1,1,1,1,1,1,1,1,1,1,1,1,1,1,1,1,1,1,1,1,1,1,29.9332590941915,38.6264158316559,40.5709255502016,44.2492937796752,43.3358973600409
"4",94,1,2,50,37,2676,28.468085106383,29,28,0.297872340425532,0,0,94,1,0,0,0,0,0,0,0,0,0,0,0,0,0,0,0,0,0,0,0,0,0,0,0,0,0,0,0,0,0,0,0,0,0,0,0,0,0,0,0,0,0,0,0,0,0,0,0,0,0,0,0,0,0,0,0,0,0,0,0,0,0,0,0,0,0,0,0,0,0,0,0,0,0,0,0,36.6742416417845,28.5131548587665,29.1032644217105,21.1896201004171,29.748949561287
"3",194,1,13,74,42,5552,28.6185567010309,29,28,0.144329896907216,0,0,194,1,0,0,0,0,1,1,1,1,1,1,1,1,1,1,1,1,1,1,1,1,1,1,3,3,3,3,3,3,3,3,1,1,1,1,1,1,1,1,1,1,1,1,1,1,1,1,1,1,1,1,1,1,1,1,1,1,1,1,1,1,1,1,1,1,1,1,1,1,1,1,1,1,1,1,1,35.2987251894456,28.0713376952364,22.3606797749979,25.8069758011279,23.4946802489415
"2",217,1,25,69,43,6224,28.6820276497696,29,47,0.216589861751152,0,0,217,1,1,1,1,1,1,1,1,1,1,1,1,1,2,2,1,1,1,1,1,1,1,1,1,1,1,1,1,1,1,1,1,1,1,1,1,1,1,1,1,1,1,1,1,1,1,1,1,1,1,1,1,1,1,1,1,1,1,1,1,1,1,1,1,1,1,1,1,1,1,1,1,1,1,1,1,32.5576411921994,21.6333076527839,31.4006369362152,32.7108544675922,34.6698716467194
"1",239,1,51,93,46,6838,28.6108786610879,29,22,0.0920502092050209,0,0,239,1,1,1,1,1,2,2,2,3,3,2,2,2,5,5,3,3,2,2,2,2,2,2,2,2,2,2,2,2,2,2,1,1,1,1,1,1,1,1,1,1,1,1,1,1,1,1,1,1,1,1,2,2,2,2,2,2,2,2,2,2,2,2,2,2,2,2,2,2,2,2,2,2,2,2,2,30.4302481094059,37.7624151769984,40.2243707222375,41.6173040933696,44.3170396123207
"3",246,1,13,117,42,7017,28.5243902439024,29,29,0.117886178861789,0,0,246,1,0,0,0,0,1,1,1,1,1,1,1,1,1,1,1,1,1,1,1,1,1,1,3,5,5,3,3,5,5,3,1,1,1,1,1,1,1,1,1,1,1,1,1,1,1,1,1,1,1,1,1,1,1,1,1,1,1,1,1,1,1,1,1,1,1,1,1,1,1,1,1,1,1,1,1,38.7685439499603,34.3947670438397,26.5894716006167,28.5482048472404,26.3248931621764
"5",185,1,13,88,38,5277,28.5243243243243,29,30,0.162162162162162,0,0,185,1,0,0,0,0,0,0,0,0,0,0,0,0,0,0,0,0,0,0,0,0,0,0,0,0,0,0,0,0,0,0,0,0,0,0,0,0,0,0,0,0,0,0,0,0,0,0,0,0,0,0,0,0,0,0,0,0,0,0,0,0,0,0,0,0,0,0,0,0,0,0,0,0,0,0,0,39.1790760483195,32.4191301548947,26.0576284415908,24.1867732448956,16.7630546142402
"1",241,1,51,95,46,6894,28.6058091286307,29,38,0.157676348547718,0,0,241,1,1,1,1,1,1,1,1,1,1,1,1,1,2,2,1,1,1,1,1,1,1,1,1,1,1,1,1,1,1,1,1,1,1,1,1,1,1,1,1,1,1,1,1,1,1,1,1,1,1,1,1,1,1,1,1,1,1,1,1,1,1,1,1,1,1,1,1,1,1,1,1,1,1,1,1,24.6373699895098,32.4191301548947,37.3764631820615,40.5092582010582,40.7553677446297
"5",220,1,13,106,39,6274,28.5181818181818,29,29,0.131818181818182,0,0,220,1,0,0,0,0,0,0,0,0,0,0,0,0,0,0,0,0,0,0,0,0,0,0,0,0,0,0,0,0,0,0,0,0,0,0,0,0,0,0,0,0,0,0,0,0,0,0,0,0,0,0,0,0,0,0,0,0,0,0,0,0,0,0,0,0,0,0,0,0,0,0,0,0,0,0,0,38.9230009120571,35.7071421427142,26.8141753555838,27.2213151776324,24.6373699895098
"3",241,1,13,88,41,6901,28.6348547717842,29,30,0.12448132780083,0,0,241,1,0,0,0,0,1,1,1,1,1,1,1,1,1,1,1,1,1,1,1,1,1,1,7,7,7,7,7,7,7,7,1,1,1,1,1,1,1,1,1,1,1,1,1,1,1,1,1,1,1,1,1,1,1,1,1,1,1,1,1,1,1,1,1,1,1,1,1,1,1,1,1,1,1,1,1,35.6510869399518,31.5753068076939,27.1477439209965,28.0178514522438,25.5147016443461
"2",212,1,25,68,43,6080,28.6792452830189,29,47,0.221698113207547,0,0,212,1,1,1,1,1,1,1,1,1,1,1,1,1,2,2,1,1,1,1,1,1,1,1,1,1,1,1,1,1,1,1,1,1,1,1,1,1,1,1,1,1,1,1,1,1,1,1,1,1,1,1,1,1,1,1,1,1,1,1,1,1,1,1,1,1,1,1,1,1,1,1,1,1,1,1,1,28.8444102037119,18.2756668824971,30.9515750810843,33.555923471125,34.6698716467194
"4",88,1,2,54,36,2498,28.3863636363636,29,28,0.318181818181818,0,0,88,1,0,0,0,0,0,0,0,0,0,0,0,0,0,0,0,0,0,0,0,0,0,0,0,0,0,0,0,0,0,0,0,0,0,0,0,0,0,0,0,0,0,0,0,0,0,0,0,0,0,0,0,0,0,0,0,0,0,0,0,0,0,0,0,0,0,0,0,0,0,0,0,0,0,0,0,35.4118624192515,30.1330383466387,28.6006992921502,20.5426385841741,27.3495886623547
"1",223,1,51,74,43,6393,28.6681614349776,29,36,0.161434977578475,0,0,223,1,1,1,1,1,1,1,1,1,1,1,1,1,2,2,1,1,1,1,1,1,1,1,1,1,1,1,1,1,1,1,1,1,1,1,1,1,1,1,1,1,1,1,1,1,1,1,1,1,1,1,1,1,1,1,1,1,1,1,1,1,1,1,1,1,1,1,1,1,1,1,1,1,1,1,1,22.6053091109146,32.2335229225724,35.6510869399518,39.8622628559895,39.3319208785943
"5",211,1,13,111,39,6008,28.4739336492891,29,21,0.0995260663507109,0,0,211,1,0,0,0,0,0,0,0,0,0,0,0,0,0,0,0,0,0,0,0,0,0,0,0,0,0,0,0,0,0,0,0,0,0,0,0,0,0,0,0,0,0,0,0,0,0,0,0,0,0,0,0,0,0,0,0,0,0,0,0,0,0,0,0,0,0,0,0,0,0,0,0,0,0,0,0,39.9249295553543,36.3868107973205,27.3495886623547,25.7681974534503,25.0998007960223
"4",115,1,13,80,38,3255,28.304347826087,29,9,0.0782608695652174,0,0,115,1,0,0,0,0,0,0,0,0,0,0,0,0,0,0,0,0,0,0,0,0,0,0,0,0,0,0,0,0,0,0,0,0,0,0,0,0,0,0,0,0,0,0,0,0,0,0,0,0,0,0,0,0,0,0,0,0,0,0,0,0,0,0,0,0,0,0,0,0,0,0,0,0,0,0,0,38.0131556174964,32.2024843762092,29.4788059459674,25.5538646783613,26.8886593194975
"3",202,1,14,101,43,5757,28.5,29,22,0.108910891089109,0,0,202,1,0,0,0,0,1,1,1,1,1,1,1,1,2,2,1,1,1,1,1,1,1,1,4,4,4,4,4,4,4,4,1,1,1,1,1,1,1,1,1,1,1,1,1,1,1,1,1,1,1,1,1,1,1,1,1,1,1,1,1,1,1,1,1,1,1,1,1,1,1,1,1,1,1,1,1,38.6264158316559,32.124756808418,24.738633753706,29.4618397253125,26.7207784317748
"2",205,1,51,75,42,5870,28.6341463414634,29,18,0.0878048780487805,0,0,205,1,1,1,1,1,1,1,1,1,1,1,1,1,2,2,1,1,1,1,1,1,1,1,1,1,1,1,1,1,1,1,1,1,1,1,1,1,1,1,1,1,1,1,1,1,1,1,1,1,1,1,1,1,1,1,1,1,1,1,1,1,1,1,1,1,1,1,1,1,1,1,1,1,1,1,1,31.4960314960472,21.5870331449229,27.2396769437525,32.6190128606002,30.9192496674806
"4",107,1,13,79,40,3024,28.2616822429907,29,18,0.168224299065421,0,0,107,1,0,0,0,0,0,0,0,0,0,0,0,0,0,0,0,0,0,0,0,0,0,0,0,0,0,0,0,0,0,0,0,0,0,0,0,0,0,0,0,0,0,0,0,0,0,0,0,0,0,0,0,0,0,0,0,0,0,0,0,0,0,0,0,0,0,0,0,0,0,0,0,0,0,0,0,43.1624837098145,38.9486841883009,32.9696830436691,23.7276210354093,31.224989991992
"2",210,1,49,73,42,6017,28.652380952381,29,44,0.20952380952381,0,0,210,1,1,1,1,1,1,1,1,1,1,1,1,1,2,2,1,1,1,1,1,1,1,1,2,2,2,2,2,2,2,2,1,1,1,1,1,1,1,1,1,1,1,1,1,1,1,1,1,1,1,1,1,1,1,1,1,1,1,1,1,1,1,1,1,1,1,1,1,1,1,1,1,1,1,1,1,31.859064644148,22.248595461287,30.1827765455731,31.5753068076939,35.4259791678367
"3",204,1,13,101,42,5815,28.5049019607843,29,28,0.137254901960784,0,0,204,1,0,0,0,0,1,1,2,1,1,1,1,2,2,2,1,1,1,1,2,1,1,2,6,6,6,6,6,6,6,6,1,1,1,1,1,1,1,1,1,1,1,1,1,1,1,1,1,1,1,1,1,1,1,1,1,1,1,1,1,1,1,1,1,1,1,1,1,1,1,1,1,1,1,1,1,37.0540146272978,32.0156211871642,22.4722050542442,28.5131548587665,24.5967477524977
"1",242,1,49,79,45,6939,28.6735537190083,29,29,0.119834710743802,0,0,242,1,1,1,1,1,2,2,2,3,2,2,2,2,4,2,2,1,1,1,1,1,1,1,2,2,1,1,2,2,1,1,1,1,1,1,1,1,1,1,1,1,1,1,1,1,1,1,1,1,1,1,2,2,2,2,2,2,2,2,2,2,2,2,2,2,2,2,1,1,1,1,1,1,1,1,1,20.6881608655772,28.3901391331568,34.0881210981186,36.7423461417477,36.8239052790439
"2",212,1,51,78,43,6070,28.6320754716981,29,19,0.089622641509434,0,0,212,1,1,1,1,1,1,1,1,1,1,1,1,1,2,2,1,1,1,1,1,1,1,1,1,1,1,1,1,1,1,1,1,1,1,1,1,1,1,1,1,1,1,1,1,1,1,1,1,1,1,1,1,1,1,1,1,1,1,1,1,1,1,1,1,1,1,1,1,1,1,1,1,1,1,1,1,31.1126983722081,22.3159136044214,29.9666481275434,34.0293990543471,31.6227766016838
"3",200,1,14,96,41,5704,28.52,29,30,0.15,0,0,200,1,0,0,0,0,1,1,1,1,1,1,1,1,1,1,1,1,1,1,1,1,1,1,5,5,5,5,5,5,5,5,1,1,1,1,1,1,1,1,1,1,1,1,1,1,1,1,1,1,1,1,1,1,1,1,1,1,1,1,1,1,1,1,1,1,1,1,1,1,1,1,1,1,1,1,1,35.5949434611154,32.1091887160046,21.9772609758359,28.7923600977759,24.6779253585061
"2",214,1,49,74,43,6132,28.6542056074766,29,31,0.144859813084112,0,0,214,1,1,1,1,1,1,1,1,1,1,1,1,1,2,2,1,1,1,1,1,1,1,1,1,1,1,1,1,1,1,1,1,1,1,1,1,1,1,1,1,1,1,1,1,1,1,1,1,1,1,1,1,1,1,1,1,1,1,1,1,1,1,1,1,1,1,1,1,1,1,1,1,1,1,1,1,29.0516780926679,20.8806130178211,29.2916370317536,32.4961536185438,32.649655434629
"3",199,1,13,85,44,5686,28.572864321608,29,30,0.150753768844221,0,0,199,1,0,0,0,0,1,1,1,1,1,1,1,1,2,2,1,1,1,1,1,1,1,1,2,2,2,2,2,2,2,2,1,1,1,1,1,1,1,1,1,1,1,1,1,1,1,1,1,1,1,1,1,1,1,1,1,1,1,1,1,1,1,1,1,1,1,1,1,1,1,1,1,1,1,1,1,33.4065861769801,26.343879744639,21.3072757526625,26.7581763205193,26.2678510731274
"1",246,1,51,75,42,7059,28.6951219512195,29,40,0.16260162601626,0,0,246,1,1,1,1,1,4,2,2,3,2,4,2,2,2,1,2,1,2,1,1,2,1,1,2,2,1,1,2,2,1,1,1,1,1,1,1,1,1,1,1,1,1,1,1,1,1,1,1,1,1,1,2,2,2,2,2,2,2,2,2,2,2,2,2,2,2,2,1,1,1,1,1,1,1,1,1,24.0624188310319,32.2645316098034,36.0693775937429,37.9605057922046,38.5097390279394
"4",105,1,2,57,39,2988,28.4571428571429,29,21,0.2,0,0,105,1,0,0,0,0,0,0,0,0,0,0,0,0,0,0,0,0,0,0,0,0,0,0,0,0,0,0,0,0,0,0,0,0,0,0,0,0,0,0,0,0,0,0,0,0,0,0,0,0,0,0,0,0,0,0,0,0,0,0,0,0,0,0,0,0,0,0,0,0,0,0,0,0,0,0,0,38.7040049607273,33.3766385365573,31.8119474411737,22.6274169979695,30.7571129984594
"5",276,1,14,136,39,7868,28.5072463768116,29,31,0.11231884057971,0,0,276,1,0,0,0,0,0,0,0,0,0,0,0,0,0,0,0,0,0,0,0,0,0,0,0,0,0,0,0,0,0,0,0,0,0,0,0,0,0,0,0,0,0,0,0,0,0,0,0,0,0,0,0,0,0,0,0,0,0,0,0,0,0,0,0,0,0,0,0,0,0,0,0,0,0,0,0,41.6533311993171,39.585350825779,32.2645316098034,32.9393381840012,29
"2",193,1,49,77,44,5520,28.6010362694301,29,25,0.129533678756477,0,0,193,1,1,1,1,1,2,3,1,1,1,2,3,1,2,2,1,1,2,3,1,2,3,1,1,1,1,1,1,1,1,1,1,1,1,1,1,1,1,1,1,1,1,1,1,1,1,1,1,1,1,1,1,1,1,1,1,1,1,1,1,1,1,1,1,1,1,1,1,1,1,1,1,1,1,1,1,32.1403173599764,25.6320112359526,31.224989991992,32.5729949498047,33.7786915081091
"3",223,1,13,101,40,6366,28.5470852017937,29,32,0.143497757847534,0,0,223,1,0,0,0,0,1,1,1,1,1,1,1,1,1,1,1,1,1,1,1,1,1,1,5,6,6,5,5,6,6,5,1,1,1,1,1,1,1,1,1,1,1,1,1,1,1,1,1,1,1,1,1,1,1,1,1,1,1,1,1,1,1,1,1,1,1,1,1,1,1,1,1,1,1,1,1,33.9705755029261,32.5883414736007,23.1516738055805,25.8456959666402,25.1396101799531
"2",199,1,49,71,40,5700,28.643216080402,29,28,0.14070351758794,0,0,199,1,1,1,1,1,1,1,1,1,1,1,1,1,2,2,1,1,1,1,1,1,1,1,1,1,1,1,1,1,1,1,1,1,1,1,1,1,1,1,1,1,1,1,1,1,1,1,1,1,1,1,1,1,1,1,1,1,1,1,1,1,1,1,1,1,1,1,1,1,1,1,1,1,1,1,1,30.5286750449475,22.0907220343745,28.6356421265527,30.2324329156619,31.1126983722081
"2",203,1,49,66,42,5821,28.6748768472906,29,30,0.147783251231527,0,0,203,1,1,1,1,1,2,1,1,1,1,2,1,1,1,1,1,1,2,1,1,2,1,1,1,1,1,1,1,1,1,1,1,1,1,1,1,1,1,1,1,1,1,1,1,1,1,1,1,1,1,1,1,1,1,1,1,1,1,1,1,1,1,1,1,1,1,1,1,1,1,1,1,1,1,1,1,29.5465734053883,22.248595461287,30.5122926047847,32.6036807738022,33.8969025133566
"4",100,1,2,60,39,2840,28.4,29,14,0.14,0,0,100,1,0,0,0,0,0,0,0,0,0,0,0,0,0,0,0,0,0,0,0,0,0,0,0,0,0,0,0,0,0,0,0,0,0,0,0,0,0,0,0,0,0,0,0,0,0,0,0,0,0,0,0,0,0,0,0,0,0,0,0,0,0,0,0,0,0,0,0,0,0,0,0,0,0,0,0,43.8976081352959,39.7617907041421,34.7706773014274,25.7099202643649,33.3616546352246
"4",100,1,13,60,37,2840,28.4,29,22,0.22,0,0,100,1,0,0,0,0,0,0,0,0,0,0,0,0,0,0,0,0,0,0,0,0,0,0,0,0,0,0,0,0,0,0,0,0,0,0,0,0,0,0,0,0,0,0,0,0,0,0,0,0,0,0,0,0,0,0,0,0,0,0,0,0,0,0,0,0,0,0,0,0,0,0,0,0,0,0,0,40.8289113251872,35.0570962859162,29.5127091267474,22.8691932520585,28.0891438103763
"1",249,1,49,81,44,7137,28.6626506024096,29,44,0.176706827309237,0,0,249,1,1,1,1,1,1,1,1,1,1,1,1,1,2,2,1,1,1,1,1,1,1,1,1,1,1,1,1,1,1,1,1,1,1,1,1,1,1,1,1,1,1,1,1,1,1,1,1,1,1,1,1,1,1,1,1,1,1,1,1,1,1,1,1,1,1,1,1,1,1,1,1,1,1,1,1,21.9772609758359,29.6141857899217,34.132096331752,37.1618083521241,36.1524549650504
"5",208,1,13,89,38,5943,28.5721153846154,29,30,0.144230769230769,0,0,208,1,0,0,0,0,0,0,0,0,0,0,0,0,0,0,0,0,0,0,0,0,0,0,0,0,0,0,0,0,0,0,0,0,0,0,0,0,0,0,0,0,0,0,0,0,0,0,0,0,0,0,0,0,0,0,0,0,0,0,0,0,0,0,0,0,0,0,0,0,0,0,0,0,0,0,0,39,34.0734500748016,26.3628526529281,25.9036676939772,19.723082923316
"1",240,1,51,87,45,6873,28.6375,29,48,0.2,0,0,240,1,1,1,1,1,1,1,1,1,1,1,1,1,1,1,1,1,1,1,1,1,1,1,1,1,1,1,1,1,1,1,1,1,1,1,1,1,1,1,1,1,1,1,1,1,1,1,1,1,1,1,1,1,1,1,1,1,1,1,1,1,1,1,1,1,1,1,1,1,1,1,1,1,1,1,1,22.1585198061603,32.2024843762092,37.72267222772,39.8873413503583,41.4125584816973
"2",205,1,49,71,42,5874,28.6536585365854,29,36,0.175609756097561,0,0,205,1,1,1,1,1,1,1,2,1,1,1,1,2,2,2,1,1,1,1,2,1,1,2,1,1,1,1,1,1,1,1,1,1,1,1,1,1,1,1,1,1,1,1,1,1,1,1,1,1,1,1,1,1,1,1,1,1,1,1,1,1,1,1,1,1,1,1,1,1,1,1,1,1,1,1,1,31.4801524773944,22.6936114358204,26.8514431641951,29.6479341607472,30.6431068920891
"5",204,1,13,108,38,5808,28.4705882352941,29,29,0.142156862745098,0,0,204,1,0,0,0,0,0,0,0,0,0,0,0,0,0,0,0,0,0,0,0,0,0,0,0,0,0,0,0,0,0,0,0,0,0,0,0,0,0,0,0,0,0,0,0,0,0,0,0,0,0,0,0,0,0,0,0,0,0,0,0,0,0,0,0,0,0,0,0,0,0,0,0,0,0,0,0,37.9077828420497,34.8855270850248,25.9807621135332,27.4772633280682,23.0434372436058
"2",195,1,49,72,44,5583,28.6307692307692,29,24,0.123076923076923,0,0,195,1,1,1,1,1,1,1,1,1,1,1,1,1,1,1,1,1,1,1,1,1,1,1,1,1,1,1,1,1,1,1,1,1,1,1,1,1,1,1,1,1,1,1,1,1,1,1,1,1,1,1,1,1,1,1,1,1,1,1,1,1,1,1,1,1,1,1,1,1,1,1,1,1,1,1,1,30.5614135798723,22.5388553391693,29.5296461204668,32.5576411921994,31.559467676119
